model,run,condition,seed,subset,n_samples,bleu,chrf,chrfpp,ref_mode,alt_ref_rows_used,source_file
mbart-fr,baselines,LENGTH-STRATIFIED,123,combined,1455,1.08,19.19,17.24,multi,54,experiments/results/rebuttal_repaired_20260502/mbart-fr/baselines/LENGTH-STRATIFIED/seed123/test_predictions.jsonl
mbart-fr,baselines,LENGTH-STRATIFIED,123,structured,455,1.33,21.12,18.84,multi,54,experiments/results/rebuttal_repaired_20260502/mbart-fr/baselines/LENGTH-STRATIFIED/seed123/test_predictions.jsonl
mbart-fr,baselines,LENGTH-STRATIFIED,123,tatoeba,1000,1.0,18.67,16.8,multi,0,experiments/results/rebuttal_repaired_20260502/mbart-fr/baselines/LENGTH-STRATIFIED/seed123/test_predictions.jsonl
mbart-fr,baselines,LENGTH-STRATIFIED,2024,combined,1455,1.66,20.24,18.25,multi,54,experiments/results/rebuttal_repaired_20260502/mbart-fr/baselines/LENGTH-STRATIFIED/seed2024/test_predictions.jsonl
mbart-fr,baselines,LENGTH-STRATIFIED,2024,structured,455,2.69,22.71,20.28,multi,54,experiments/results/rebuttal_repaired_20260502/mbart-fr/baselines/LENGTH-STRATIFIED/seed2024/test_predictions.jsonl
mbart-fr,baselines,LENGTH-STRATIFIED,2024,tatoeba,1000,1.35,19.58,17.7,multi,0,experiments/results/rebuttal_repaired_20260502/mbart-fr/baselines/LENGTH-STRATIFIED/seed2024/test_predictions.jsonl
mbart-fr,baselines,LENGTH-STRATIFIED,42,combined,1455,1.78,19.61,17.68,multi,54,experiments/results/rebuttal_repaired_20260502/mbart-fr/baselines/LENGTH-STRATIFIED/seed42/test_predictions.jsonl
mbart-fr,baselines,LENGTH-STRATIFIED,42,structured,455,2.79,22.56,20.24,multi,54,experiments/results/rebuttal_repaired_20260502/mbart-fr/baselines/LENGTH-STRATIFIED/seed42/test_predictions.jsonl
mbart-fr,baselines,LENGTH-STRATIFIED,42,tatoeba,1000,1.48,18.82,16.99,multi,0,experiments/results/rebuttal_repaired_20260502/mbart-fr/baselines/LENGTH-STRATIFIED/seed42/test_predictions.jsonl
mbart-fr,baselines,LENGTH-STRATIFIED,456,combined,1455,1.78,19.66,17.74,multi,54,experiments/results/rebuttal_repaired_20260502/mbart-fr/baselines/LENGTH-STRATIFIED/seed456/test_predictions.jsonl
mbart-fr,baselines,LENGTH-STRATIFIED,456,structured,455,1.63,21.74,19.36,multi,54,experiments/results/rebuttal_repaired_20260502/mbart-fr/baselines/LENGTH-STRATIFIED/seed456/test_predictions.jsonl
mbart-fr,baselines,LENGTH-STRATIFIED,456,tatoeba,1000,1.79,19.08,17.29,multi,0,experiments/results/rebuttal_repaired_20260502/mbart-fr/baselines/LENGTH-STRATIFIED/seed456/test_predictions.jsonl
mbart-fr,baselines,LENGTH-STRATIFIED,789,combined,1455,1.88,20.0,17.92,multi,54,experiments/results/rebuttal_repaired_20260502/mbart-fr/baselines/LENGTH-STRATIFIED/seed789/test_predictions.jsonl
mbart-fr,baselines,LENGTH-STRATIFIED,789,structured,455,2.64,22.38,19.86,multi,54,experiments/results/rebuttal_repaired_20260502/mbart-fr/baselines/LENGTH-STRATIFIED/seed789/test_predictions.jsonl
mbart-fr,baselines,LENGTH-STRATIFIED,789,tatoeba,1000,1.58,19.35,17.39,multi,0,experiments/results/rebuttal_repaired_20260502/mbart-fr/baselines/LENGTH-STRATIFIED/seed789/test_predictions.jsonl
mbart-fr,baselines,TF-IDF-DIVERSE,123,combined,1455,1.48,18.96,17.04,multi,54,experiments/results/rebuttal_repaired_20260502/mbart-fr/baselines/TF-IDF-DIVERSE/seed123/test_predictions.jsonl
mbart-fr,baselines,TF-IDF-DIVERSE,123,structured,455,2.67,21.62,19.25,multi,54,experiments/results/rebuttal_repaired_20260502/mbart-fr/baselines/TF-IDF-DIVERSE/seed123/test_predictions.jsonl
mbart-fr,baselines,TF-IDF-DIVERSE,123,tatoeba,1000,1.06,18.24,16.44,multi,0,experiments/results/rebuttal_repaired_20260502/mbart-fr/baselines/TF-IDF-DIVERSE/seed123/test_predictions.jsonl
mbart-fr,baselines,TF-IDF-DIVERSE,2024,combined,1455,1.88,18.84,16.81,multi,54,experiments/results/rebuttal_repaired_20260502/mbart-fr/baselines/TF-IDF-DIVERSE/seed2024/test_predictions.jsonl
mbart-fr,baselines,TF-IDF-DIVERSE,2024,structured,455,3.3,21.58,19.14,multi,54,experiments/results/rebuttal_repaired_20260502/mbart-fr/baselines/TF-IDF-DIVERSE/seed2024/test_predictions.jsonl
mbart-fr,baselines,TF-IDF-DIVERSE,2024,tatoeba,1000,1.44,18.1,16.18,multi,0,experiments/results/rebuttal_repaired_20260502/mbart-fr/baselines/TF-IDF-DIVERSE/seed2024/test_predictions.jsonl
mbart-fr,baselines,TF-IDF-DIVERSE,42,combined,1455,1.49,19.32,17.33,multi,54,experiments/results/rebuttal_repaired_20260502/mbart-fr/baselines/TF-IDF-DIVERSE/seed42/test_predictions.jsonl
mbart-fr,baselines,TF-IDF-DIVERSE,42,structured,455,2.47,23.55,20.77,multi,54,experiments/results/rebuttal_repaired_20260502/mbart-fr/baselines/TF-IDF-DIVERSE/seed42/test_predictions.jsonl
mbart-fr,baselines,TF-IDF-DIVERSE,42,tatoeba,1000,1.15,18.16,16.38,multi,0,experiments/results/rebuttal_repaired_20260502/mbart-fr/baselines/TF-IDF-DIVERSE/seed42/test_predictions.jsonl
mbart-fr,baselines,TF-IDF-DIVERSE,456,combined,1455,1.34,19.4,17.27,multi,54,experiments/results/rebuttal_repaired_20260502/mbart-fr/baselines/TF-IDF-DIVERSE/seed456/test_predictions.jsonl
mbart-fr,baselines,TF-IDF-DIVERSE,456,structured,455,1.57,21.91,19.26,multi,54,experiments/results/rebuttal_repaired_20260502/mbart-fr/baselines/TF-IDF-DIVERSE/seed456/test_predictions.jsonl
mbart-fr,baselines,TF-IDF-DIVERSE,456,tatoeba,1000,1.24,18.72,16.72,multi,0,experiments/results/rebuttal_repaired_20260502/mbart-fr/baselines/TF-IDF-DIVERSE/seed456/test_predictions.jsonl
mbart-fr,baselines,TF-IDF-DIVERSE,789,combined,1455,1.19,19.2,17.26,multi,54,experiments/results/rebuttal_repaired_20260502/mbart-fr/baselines/TF-IDF-DIVERSE/seed789/test_predictions.jsonl
mbart-fr,baselines,TF-IDF-DIVERSE,789,structured,455,1.32,22.67,20.05,multi,54,experiments/results/rebuttal_repaired_20260502/mbart-fr/baselines/TF-IDF-DIVERSE/seed789/test_predictions.jsonl
mbart-fr,baselines,TF-IDF-DIVERSE,789,tatoeba,1000,1.2,18.26,16.5,multi,0,experiments/results/rebuttal_repaired_20260502/mbart-fr/baselines/TF-IDF-DIVERSE/seed789/test_predictions.jsonl
mbart-fr,baselines,VOCAB-MAXIMIZED,123,combined,1455,1.2,20.22,17.96,multi,54,experiments/results/rebuttal_repaired_20260502/mbart-fr/baselines/VOCAB-MAXIMIZED/seed123/test_predictions.jsonl
mbart-fr,baselines,VOCAB-MAXIMIZED,123,structured,455,0.94,23.11,20.25,multi,54,experiments/results/rebuttal_repaired_20260502/mbart-fr/baselines/VOCAB-MAXIMIZED/seed123/test_predictions.jsonl
mbart-fr,baselines,VOCAB-MAXIMIZED,123,tatoeba,1000,1.27,19.42,17.32,multi,0,experiments/results/rebuttal_repaired_20260502/mbart-fr/baselines/VOCAB-MAXIMIZED/seed123/test_predictions.jsonl
mbart-fr,baselines,VOCAB-MAXIMIZED,2024,combined,1455,1.99,19.97,17.86,multi,54,experiments/results/rebuttal_repaired_20260502/mbart-fr/baselines/VOCAB-MAXIMIZED/seed2024/test_predictions.jsonl
mbart-fr,baselines,VOCAB-MAXIMIZED,2024,structured,455,3.76,23.97,21.16,multi,54,experiments/results/rebuttal_repaired_20260502/mbart-fr/baselines/VOCAB-MAXIMIZED/seed2024/test_predictions.jsonl
mbart-fr,baselines,VOCAB-MAXIMIZED,2024,tatoeba,1000,1.28,18.86,16.93,multi,0,experiments/results/rebuttal_repaired_20260502/mbart-fr/baselines/VOCAB-MAXIMIZED/seed2024/test_predictions.jsonl
mbart-fr,baselines,VOCAB-MAXIMIZED,42,combined,1455,1.39,19.49,17.35,multi,54,experiments/results/rebuttal_repaired_20260502/mbart-fr/baselines/VOCAB-MAXIMIZED/seed42/test_predictions.jsonl
mbart-fr,baselines,VOCAB-MAXIMIZED,42,structured,455,1.32,22.23,19.62,multi,54,experiments/results/rebuttal_repaired_20260502/mbart-fr/baselines/VOCAB-MAXIMIZED/seed42/test_predictions.jsonl
mbart-fr,baselines,VOCAB-MAXIMIZED,42,tatoeba,1000,1.41,18.75,16.73,multi,0,experiments/results/rebuttal_repaired_20260502/mbart-fr/baselines/VOCAB-MAXIMIZED/seed42/test_predictions.jsonl
mbart-fr,baselines,VOCAB-MAXIMIZED,456,combined,1455,1.24,19.47,17.32,multi,54,experiments/results/rebuttal_repaired_20260502/mbart-fr/baselines/VOCAB-MAXIMIZED/seed456/test_predictions.jsonl
mbart-fr,baselines,VOCAB-MAXIMIZED,456,structured,455,1.66,22.68,20.07,multi,54,experiments/results/rebuttal_repaired_20260502/mbart-fr/baselines/VOCAB-MAXIMIZED/seed456/test_predictions.jsonl
mbart-fr,baselines,VOCAB-MAXIMIZED,456,tatoeba,1000,1.12,18.6,16.56,multi,0,experiments/results/rebuttal_repaired_20260502/mbart-fr/baselines/VOCAB-MAXIMIZED/seed456/test_predictions.jsonl
mbart-fr,baselines,VOCAB-MAXIMIZED,789,combined,1455,1.21,18.67,16.76,multi,54,experiments/results/rebuttal_repaired_20260502/mbart-fr/baselines/VOCAB-MAXIMIZED/seed789/test_predictions.jsonl
mbart-fr,baselines,VOCAB-MAXIMIZED,789,structured,455,1.18,20.22,17.99,multi,54,experiments/results/rebuttal_repaired_20260502/mbart-fr/baselines/VOCAB-MAXIMIZED/seed789/test_predictions.jsonl
mbart-fr,baselines,VOCAB-MAXIMIZED,789,tatoeba,1000,1.26,18.26,16.43,multi,0,experiments/results/rebuttal_repaired_20260502/mbart-fr/baselines/VOCAB-MAXIMIZED/seed789/test_predictions.jsonl
mbart-fr,exp1,RANDOM-10K,123,combined,1455,2.52,26.35,23.37,multi,54,experiments/results/rebuttal_repaired_20260502/mbart-fr/exp1/RANDOM-10K/seed123/test_predictions.jsonl
mbart-fr,exp1,RANDOM-10K,123,structured,455,3.21,34.02,29.2,multi,54,experiments/results/rebuttal_repaired_20260502/mbart-fr/exp1/RANDOM-10K/seed123/test_predictions.jsonl
mbart-fr,exp1,RANDOM-10K,123,tatoeba,1000,2.34,24.3,21.81,multi,0,experiments/results/rebuttal_repaired_20260502/mbart-fr/exp1/RANDOM-10K/seed123/test_predictions.jsonl
mbart-fr,exp1,RANDOM-10K,2024,combined,1455,3.03,27.1,24.2,multi,54,experiments/results/rebuttal_repaired_20260502/mbart-fr/exp1/RANDOM-10K/seed2024/test_predictions.jsonl
mbart-fr,exp1,RANDOM-10K,2024,structured,455,3.3,33.73,29.21,multi,54,experiments/results/rebuttal_repaired_20260502/mbart-fr/exp1/RANDOM-10K/seed2024/test_predictions.jsonl
mbart-fr,exp1,RANDOM-10K,2024,tatoeba,1000,2.96,25.34,22.88,multi,0,experiments/results/rebuttal_repaired_20260502/mbart-fr/exp1/RANDOM-10K/seed2024/test_predictions.jsonl
mbart-fr,exp1,RANDOM-10K,42,combined,1455,3.29,26.33,23.43,multi,54,experiments/results/rebuttal_repaired_20260502/mbart-fr/exp1/RANDOM-10K/seed42/test_predictions.jsonl
mbart-fr,exp1,RANDOM-10K,42,structured,455,5.02,33.32,29.27,multi,54,experiments/results/rebuttal_repaired_20260502/mbart-fr/exp1/RANDOM-10K/seed42/test_predictions.jsonl
mbart-fr,exp1,RANDOM-10K,42,tatoeba,1000,2.84,24.48,21.86,multi,0,experiments/results/rebuttal_repaired_20260502/mbart-fr/exp1/RANDOM-10K/seed42/test_predictions.jsonl
mbart-fr,exp1,RANDOM-10K,456,combined,1455,3.45,26.85,24.01,multi,54,experiments/results/rebuttal_repaired_20260502/mbart-fr/exp1/RANDOM-10K/seed456/test_predictions.jsonl
mbart-fr,exp1,RANDOM-10K,456,structured,455,4.24,33.44,29.01,multi,54,experiments/results/rebuttal_repaired_20260502/mbart-fr/exp1/RANDOM-10K/seed456/test_predictions.jsonl
mbart-fr,exp1,RANDOM-10K,456,tatoeba,1000,3.25,25.09,22.67,multi,0,experiments/results/rebuttal_repaired_20260502/mbart-fr/exp1/RANDOM-10K/seed456/test_predictions.jsonl
mbart-fr,exp1,RANDOM-10K,789,combined,1455,3.07,26.76,23.75,multi,54,experiments/results/rebuttal_repaired_20260502/mbart-fr/exp1/RANDOM-10K/seed789/test_predictions.jsonl
mbart-fr,exp1,RANDOM-10K,789,structured,455,4.53,34.88,30.23,multi,54,experiments/results/rebuttal_repaired_20260502/mbart-fr/exp1/RANDOM-10K/seed789/test_predictions.jsonl
mbart-fr,exp1,RANDOM-10K,789,tatoeba,1000,2.68,24.62,22.03,multi,0,experiments/results/rebuttal_repaired_20260502/mbart-fr/exp1/RANDOM-10K/seed789/test_predictions.jsonl
mbart-fr,exp1,RANDOM-10K_STRUCTURED-4K,123,combined,1455,24.0,39.22,37.8,multi,54,experiments/results/rebuttal_repaired_20260502/mbart-fr/exp1/RANDOM-10K_STRUCTURED-4K/seed123/test_predictions.jsonl
mbart-fr,exp1,RANDOM-10K_STRUCTURED-4K,123,structured,455,92.3,95.44,95.31,multi,54,experiments/results/rebuttal_repaired_20260502/mbart-fr/exp1/RANDOM-10K_STRUCTURED-4K/seed123/test_predictions.jsonl
mbart-fr,exp1,RANDOM-10K_STRUCTURED-4K,123,tatoeba,1000,2.53,24.7,22.16,multi,0,experiments/results/rebuttal_repaired_20260502/mbart-fr/exp1/RANDOM-10K_STRUCTURED-4K/seed123/test_predictions.jsonl
mbart-fr,exp1,RANDOM-10K_STRUCTURED-4K,2024,combined,1455,24.2,38.92,37.44,multi,54,experiments/results/rebuttal_repaired_20260502/mbart-fr/exp1/RANDOM-10K_STRUCTURED-4K/seed2024/test_predictions.jsonl
mbart-fr,exp1,RANDOM-10K_STRUCTURED-4K,2024,structured,455,89.82,94.05,93.72,multi,54,experiments/results/rebuttal_repaired_20260502/mbart-fr/exp1/RANDOM-10K_STRUCTURED-4K/seed2024/test_predictions.jsonl
mbart-fr,exp1,RANDOM-10K_STRUCTURED-4K,2024,tatoeba,1000,2.86,24.32,21.73,multi,0,experiments/results/rebuttal_repaired_20260502/mbart-fr/exp1/RANDOM-10K_STRUCTURED-4K/seed2024/test_predictions.jsonl
mbart-fr,exp1,RANDOM-10K_STRUCTURED-4K,42,combined,1455,24.4,39.23,37.82,multi,54,experiments/results/rebuttal_repaired_20260502/mbart-fr/exp1/RANDOM-10K_STRUCTURED-4K/seed42/test_predictions.jsonl
mbart-fr,exp1,RANDOM-10K_STRUCTURED-4K,42,structured,455,90.56,94.77,94.55,multi,54,experiments/results/rebuttal_repaired_20260502/mbart-fr/exp1/RANDOM-10K_STRUCTURED-4K/seed42/test_predictions.jsonl
mbart-fr,exp1,RANDOM-10K_STRUCTURED-4K,42,tatoeba,1000,2.88,24.72,22.17,multi,0,experiments/results/rebuttal_repaired_20260502/mbart-fr/exp1/RANDOM-10K_STRUCTURED-4K/seed42/test_predictions.jsonl
mbart-fr,exp1,RANDOM-10K_STRUCTURED-4K,456,combined,1455,24.1,39.87,38.29,multi,54,experiments/results/rebuttal_repaired_20260502/mbart-fr/exp1/RANDOM-10K_STRUCTURED-4K/seed456/test_predictions.jsonl
mbart-fr,exp1,RANDOM-10K_STRUCTURED-4K,456,structured,455,90.36,94.94,94.55,multi,54,experiments/results/rebuttal_repaired_20260502/mbart-fr/exp1/RANDOM-10K_STRUCTURED-4K/seed456/test_predictions.jsonl
mbart-fr,exp1,RANDOM-10K_STRUCTURED-4K,456,tatoeba,1000,3.31,25.5,22.83,multi,0,experiments/results/rebuttal_repaired_20260502/mbart-fr/exp1/RANDOM-10K_STRUCTURED-4K/seed456/test_predictions.jsonl
mbart-fr,exp1,RANDOM-10K_STRUCTURED-4K,789,combined,1455,22.44,38.29,36.75,multi,54,experiments/results/rebuttal_repaired_20260502/mbart-fr/exp1/RANDOM-10K_STRUCTURED-4K/seed789/test_predictions.jsonl
mbart-fr,exp1,RANDOM-10K_STRUCTURED-4K,789,structured,455,83.39,92.44,91.61,multi,54,experiments/results/rebuttal_repaired_20260502/mbart-fr/exp1/RANDOM-10K_STRUCTURED-4K/seed789/test_predictions.jsonl
mbart-fr,exp1,RANDOM-10K_STRUCTURED-4K,789,tatoeba,1000,2.66,23.85,21.37,multi,0,experiments/results/rebuttal_repaired_20260502/mbart-fr/exp1/RANDOM-10K_STRUCTURED-4K/seed789/test_predictions.jsonl
mbart-fr,exp1,RANDOM-4K,123,combined,1455,2.17,23.46,20.8,multi,54,experiments/results/rebuttal_repaired_20260502/mbart-fr/exp1/RANDOM-4K/seed123/test_predictions.jsonl
mbart-fr,exp1,RANDOM-4K,123,structured,455,2.19,29.45,25.36,multi,54,experiments/results/rebuttal_repaired_20260502/mbart-fr/exp1/RANDOM-4K/seed123/test_predictions.jsonl
mbart-fr,exp1,RANDOM-4K,123,tatoeba,1000,2.09,21.84,19.57,multi,0,experiments/results/rebuttal_repaired_20260502/mbart-fr/exp1/RANDOM-4K/seed123/test_predictions.jsonl
mbart-fr,exp1,RANDOM-4K,2024,combined,1455,2.3,22.96,20.4,multi,54,experiments/results/rebuttal_repaired_20260502/mbart-fr/exp1/RANDOM-4K/seed2024/test_predictions.jsonl
mbart-fr,exp1,RANDOM-4K,2024,structured,455,2.92,28.34,24.66,multi,54,experiments/results/rebuttal_repaired_20260502/mbart-fr/exp1/RANDOM-4K/seed2024/test_predictions.jsonl
mbart-fr,exp1,RANDOM-4K,2024,tatoeba,1000,2.14,21.56,19.28,multi,0,experiments/results/rebuttal_repaired_20260502/mbart-fr/exp1/RANDOM-4K/seed2024/test_predictions.jsonl
mbart-fr,exp1,RANDOM-4K,42,combined,1455,1.91,22.72,20.04,multi,54,experiments/results/rebuttal_repaired_20260502/mbart-fr/exp1/RANDOM-4K/seed42/test_predictions.jsonl
mbart-fr,exp1,RANDOM-4K,42,structured,455,1.89,27.78,24.29,multi,54,experiments/results/rebuttal_repaired_20260502/mbart-fr/exp1/RANDOM-4K/seed42/test_predictions.jsonl
mbart-fr,exp1,RANDOM-4K,42,tatoeba,1000,1.88,21.36,18.89,multi,0,experiments/results/rebuttal_repaired_20260502/mbart-fr/exp1/RANDOM-4K/seed42/test_predictions.jsonl
mbart-fr,exp1,RANDOM-4K,456,combined,1455,1.78,23.43,20.8,multi,54,experiments/results/rebuttal_repaired_20260502/mbart-fr/exp1/RANDOM-4K/seed456/test_predictions.jsonl
mbart-fr,exp1,RANDOM-4K,456,structured,455,1.28,27.78,23.85,multi,54,experiments/results/rebuttal_repaired_20260502/mbart-fr/exp1/RANDOM-4K/seed456/test_predictions.jsonl
mbart-fr,exp1,RANDOM-4K,456,tatoeba,1000,1.92,22.25,19.99,multi,0,experiments/results/rebuttal_repaired_20260502/mbart-fr/exp1/RANDOM-4K/seed456/test_predictions.jsonl
mbart-fr,exp1,RANDOM-4K,789,combined,1455,2.08,23.29,20.75,multi,54,experiments/results/rebuttal_repaired_20260502/mbart-fr/exp1/RANDOM-4K/seed789/test_predictions.jsonl
mbart-fr,exp1,RANDOM-4K,789,structured,455,2.2,28.6,24.89,multi,54,experiments/results/rebuttal_repaired_20260502/mbart-fr/exp1/RANDOM-4K/seed789/test_predictions.jsonl
mbart-fr,exp1,RANDOM-4K,789,tatoeba,1000,2.01,21.88,19.64,multi,0,experiments/results/rebuttal_repaired_20260502/mbart-fr/exp1/RANDOM-4K/seed789/test_predictions.jsonl
mbart-fr,exp1,RANDOM-6K_STRUCTURED-4K,123,combined,1455,23.62,38.4,37.06,multi,54,experiments/results/rebuttal_repaired_20260502/mbart-fr/exp1/RANDOM-6K_STRUCTURED-4K/seed123/test_predictions.jsonl
mbart-fr,exp1,RANDOM-6K_STRUCTURED-4K,123,structured,455,90.0,94.48,94.17,multi,54,experiments/results/rebuttal_repaired_20260502/mbart-fr/exp1/RANDOM-6K_STRUCTURED-4K/seed123/test_predictions.jsonl
mbart-fr,exp1,RANDOM-6K_STRUCTURED-4K,123,tatoeba,1000,2.69,23.7,21.33,multi,0,experiments/results/rebuttal_repaired_20260502/mbart-fr/exp1/RANDOM-6K_STRUCTURED-4K/seed123/test_predictions.jsonl
mbart-fr,exp1,RANDOM-6K_STRUCTURED-4K,2024,combined,1455,23.73,38.01,36.84,multi,54,experiments/results/rebuttal_repaired_20260502/mbart-fr/exp1/RANDOM-6K_STRUCTURED-4K/seed2024/test_predictions.jsonl
mbart-fr,exp1,RANDOM-6K_STRUCTURED-4K,2024,structured,455,89.23,94.14,93.66,multi,54,experiments/results/rebuttal_repaired_20260502/mbart-fr/exp1/RANDOM-6K_STRUCTURED-4K/seed2024/test_predictions.jsonl
mbart-fr,exp1,RANDOM-6K_STRUCTURED-4K,2024,tatoeba,1000,2.77,23.17,21.08,multi,0,experiments/results/rebuttal_repaired_20260502/mbart-fr/exp1/RANDOM-6K_STRUCTURED-4K/seed2024/test_predictions.jsonl
mbart-fr,exp1,RANDOM-6K_STRUCTURED-4K,42,combined,1455,23.52,37.91,36.54,multi,54,experiments/results/rebuttal_repaired_20260502/mbart-fr/exp1/RANDOM-6K_STRUCTURED-4K/seed42/test_predictions.jsonl
mbart-fr,exp1,RANDOM-6K_STRUCTURED-4K,42,structured,455,90.41,94.23,94.03,multi,54,experiments/results/rebuttal_repaired_20260502/mbart-fr/exp1/RANDOM-6K_STRUCTURED-4K/seed42/test_predictions.jsonl
mbart-fr,exp1,RANDOM-6K_STRUCTURED-4K,42,tatoeba,1000,1.6,23.23,20.72,multi,0,experiments/results/rebuttal_repaired_20260502/mbart-fr/exp1/RANDOM-6K_STRUCTURED-4K/seed42/test_predictions.jsonl
mbart-fr,exp1,RANDOM-6K_STRUCTURED-4K,456,combined,1455,24.06,39.2,37.76,multi,54,experiments/results/rebuttal_repaired_20260502/mbart-fr/exp1/RANDOM-6K_STRUCTURED-4K/seed456/test_predictions.jsonl
mbart-fr,exp1,RANDOM-6K_STRUCTURED-4K,456,structured,455,92.46,95.99,95.68,multi,54,experiments/results/rebuttal_repaired_20260502/mbart-fr/exp1/RANDOM-6K_STRUCTURED-4K/seed456/test_predictions.jsonl
mbart-fr,exp1,RANDOM-6K_STRUCTURED-4K,456,tatoeba,1000,2.56,24.54,22.02,multi,0,experiments/results/rebuttal_repaired_20260502/mbart-fr/exp1/RANDOM-6K_STRUCTURED-4K/seed456/test_predictions.jsonl
mbart-fr,exp1,RANDOM-6K_STRUCTURED-4K,789,combined,1455,24.12,38.91,37.41,multi,54,experiments/results/rebuttal_repaired_20260502/mbart-fr/exp1/RANDOM-6K_STRUCTURED-4K/seed789/test_predictions.jsonl
mbart-fr,exp1,RANDOM-6K_STRUCTURED-4K,789,structured,455,93.16,95.78,95.71,multi,54,experiments/results/rebuttal_repaired_20260502/mbart-fr/exp1/RANDOM-6K_STRUCTURED-4K/seed789/test_predictions.jsonl
mbart-fr,exp1,RANDOM-6K_STRUCTURED-4K,789,tatoeba,1000,2.57,24.23,21.52,multi,0,experiments/results/rebuttal_repaired_20260502/mbart-fr/exp1/RANDOM-6K_STRUCTURED-4K/seed789/test_predictions.jsonl
mbart-fr,exp1,STRUCTURED-2K,123,combined,1455,22.84,28.25,27.99,multi,54,experiments/results/rebuttal_repaired_20260502/mbart-fr/exp1/STRUCTURED-2K/seed123/test_predictions.jsonl
mbart-fr,exp1,STRUCTURED-2K,123,structured,455,92.72,95.84,95.67,multi,54,experiments/results/rebuttal_repaired_20260502/mbart-fr/exp1/STRUCTURED-2K/seed123/test_predictions.jsonl
mbart-fr,exp1,STRUCTURED-2K,123,tatoeba,1000,0.31,8.86,7.8,multi,0,experiments/results/rebuttal_repaired_20260502/mbart-fr/exp1/STRUCTURED-2K/seed123/test_predictions.jsonl
mbart-fr,exp1,STRUCTURED-2K,2024,combined,1455,23.11,28.03,27.86,multi,54,experiments/results/rebuttal_repaired_20260502/mbart-fr/exp1/STRUCTURED-2K/seed2024/test_predictions.jsonl
mbart-fr,exp1,STRUCTURED-2K,2024,structured,455,92.79,95.58,95.5,multi,54,experiments/results/rebuttal_repaired_20260502/mbart-fr/exp1/STRUCTURED-2K/seed2024/test_predictions.jsonl
mbart-fr,exp1,STRUCTURED-2K,2024,tatoeba,1000,0.24,8.46,7.49,multi,0,experiments/results/rebuttal_repaired_20260502/mbart-fr/exp1/STRUCTURED-2K/seed2024/test_predictions.jsonl
mbart-fr,exp1,STRUCTURED-2K,42,combined,1455,22.75,28.34,28.11,multi,54,experiments/results/rebuttal_repaired_20260502/mbart-fr/exp1/STRUCTURED-2K/seed42/test_predictions.jsonl
mbart-fr,exp1,STRUCTURED-2K,42,structured,455,92.8,95.57,95.44,multi,54,experiments/results/rebuttal_repaired_20260502/mbart-fr/exp1/STRUCTURED-2K/seed42/test_predictions.jsonl
mbart-fr,exp1,STRUCTURED-2K,42,tatoeba,1000,0.38,9.3,8.27,multi,0,experiments/results/rebuttal_repaired_20260502/mbart-fr/exp1/STRUCTURED-2K/seed42/test_predictions.jsonl
mbart-fr,exp1,STRUCTURED-2K,456,combined,1455,23.09,28.41,28.2,multi,54,experiments/results/rebuttal_repaired_20260502/mbart-fr/exp1/STRUCTURED-2K/seed456/test_predictions.jsonl
mbart-fr,exp1,STRUCTURED-2K,456,structured,455,92.31,96.0,95.71,multi,54,experiments/results/rebuttal_repaired_20260502/mbart-fr/exp1/STRUCTURED-2K/seed456/test_predictions.jsonl
mbart-fr,exp1,STRUCTURED-2K,456,tatoeba,1000,0.36,9.12,8.12,multi,0,experiments/results/rebuttal_repaired_20260502/mbart-fr/exp1/STRUCTURED-2K/seed456/test_predictions.jsonl
mbart-fr,exp1,STRUCTURED-2K,789,combined,1455,23.09,28.11,27.97,multi,54,experiments/results/rebuttal_repaired_20260502/mbart-fr/exp1/STRUCTURED-2K/seed789/test_predictions.jsonl
mbart-fr,exp1,STRUCTURED-2K,789,structured,455,92.94,95.25,95.21,multi,54,experiments/results/rebuttal_repaired_20260502/mbart-fr/exp1/STRUCTURED-2K/seed789/test_predictions.jsonl
mbart-fr,exp1,STRUCTURED-2K,789,tatoeba,1000,0.32,8.79,7.84,multi,0,experiments/results/rebuttal_repaired_20260502/mbart-fr/exp1/STRUCTURED-2K/seed789/test_predictions.jsonl
mbart-fr,exp1,STRUCTURED-4K-ONLY,123,combined,1455,22.15,27.77,27.58,multi,54,experiments/results/rebuttal_repaired_20260502/mbart-fr/exp1/STRUCTURED-4K-ONLY/seed123/test_predictions.jsonl
mbart-fr,exp1,STRUCTURED-4K-ONLY,123,structured,455,89.42,94.54,94.18,multi,54,experiments/results/rebuttal_repaired_20260502/mbart-fr/exp1/STRUCTURED-4K-ONLY/seed123/test_predictions.jsonl
mbart-fr,exp1,STRUCTURED-4K-ONLY,123,tatoeba,1000,0.34,8.51,7.64,multi,0,experiments/results/rebuttal_repaired_20260502/mbart-fr/exp1/STRUCTURED-4K-ONLY/seed123/test_predictions.jsonl
mbart-fr,exp1,STRUCTURED-4K-ONLY,2024,combined,1455,22.62,28.21,27.91,multi,54,experiments/results/rebuttal_repaired_20260502/mbart-fr/exp1/STRUCTURED-4K-ONLY/seed2024/test_predictions.jsonl
mbart-fr,exp1,STRUCTURED-4K-ONLY,2024,structured,455,91.83,95.73,95.48,multi,54,experiments/results/rebuttal_repaired_20260502/mbart-fr/exp1/STRUCTURED-4K-ONLY/seed2024/test_predictions.jsonl
mbart-fr,exp1,STRUCTURED-4K-ONLY,2024,tatoeba,1000,0.31,9.12,7.99,multi,0,experiments/results/rebuttal_repaired_20260502/mbart-fr/exp1/STRUCTURED-4K-ONLY/seed2024/test_predictions.jsonl
mbart-fr,exp1,STRUCTURED-4K-ONLY,42,combined,1455,22.65,28.33,28.07,multi,54,experiments/results/rebuttal_repaired_20260502/mbart-fr/exp1/STRUCTURED-4K-ONLY/seed42/test_predictions.jsonl
mbart-fr,exp1,STRUCTURED-4K-ONLY,42,structured,455,93.13,95.61,95.59,multi,54,experiments/results/rebuttal_repaired_20260502/mbart-fr/exp1/STRUCTURED-4K-ONLY/seed42/test_predictions.jsonl
mbart-fr,exp1,STRUCTURED-4K-ONLY,42,tatoeba,1000,0.34,9.35,8.25,multi,0,experiments/results/rebuttal_repaired_20260502/mbart-fr/exp1/STRUCTURED-4K-ONLY/seed42/test_predictions.jsonl
mbart-fr,exp1,STRUCTURED-4K-ONLY,456,combined,1455,23.26,28.46,28.23,multi,54,experiments/results/rebuttal_repaired_20260502/mbart-fr/exp1/STRUCTURED-4K-ONLY/seed456/test_predictions.jsonl
mbart-fr,exp1,STRUCTURED-4K-ONLY,456,structured,455,93.54,96.15,96.09,multi,54,experiments/results/rebuttal_repaired_20260502/mbart-fr/exp1/STRUCTURED-4K-ONLY/seed456/test_predictions.jsonl
mbart-fr,exp1,STRUCTURED-4K-ONLY,456,tatoeba,1000,0.38,9.13,8.04,multi,0,experiments/results/rebuttal_repaired_20260502/mbart-fr/exp1/STRUCTURED-4K-ONLY/seed456/test_predictions.jsonl
mbart-fr,exp1,STRUCTURED-4K-ONLY,789,combined,1455,22.59,27.98,27.7,multi,54,experiments/results/rebuttal_repaired_20260502/mbart-fr/exp1/STRUCTURED-4K-ONLY/seed789/test_predictions.jsonl
mbart-fr,exp1,STRUCTURED-4K-ONLY,789,structured,455,90.21,94.66,94.31,multi,54,experiments/results/rebuttal_repaired_20260502/mbart-fr/exp1/STRUCTURED-4K-ONLY/seed789/test_predictions.jsonl
mbart-fr,exp1,STRUCTURED-4K-ONLY,789,tatoeba,1000,0.29,8.84,7.78,multi,0,experiments/results/rebuttal_repaired_20260502/mbart-fr/exp1/STRUCTURED-4K-ONLY/seed789/test_predictions.jsonl
mbart-fr,exp2,RANDOM-1000,123,combined,1455,0.25,10.44,9.26,multi,54,experiments/results/rebuttal_repaired_20260502/mbart-fr/exp2/RANDOM-1000/seed123/test_predictions.jsonl
mbart-fr,exp2,RANDOM-1000,123,structured,455,0.06,4.15,3.89,multi,54,experiments/results/rebuttal_repaired_20260502/mbart-fr/exp2/RANDOM-1000/seed123/test_predictions.jsonl
mbart-fr,exp2,RANDOM-1000,123,tatoeba,1000,0.93,15.44,13.56,multi,0,experiments/results/rebuttal_repaired_20260502/mbart-fr/exp2/RANDOM-1000/seed123/test_predictions.jsonl
mbart-fr,exp2,RANDOM-1000,2024,combined,1455,0.81,16.08,14.34,multi,54,experiments/results/rebuttal_repaired_20260502/mbart-fr/exp2/RANDOM-1000/seed2024/test_predictions.jsonl
mbart-fr,exp2,RANDOM-1000,2024,structured,455,0.87,18.28,15.78,multi,54,experiments/results/rebuttal_repaired_20260502/mbart-fr/exp2/RANDOM-1000/seed2024/test_predictions.jsonl
mbart-fr,exp2,RANDOM-1000,2024,tatoeba,1000,0.76,15.46,13.94,multi,0,experiments/results/rebuttal_repaired_20260502/mbart-fr/exp2/RANDOM-1000/seed2024/test_predictions.jsonl
mbart-fr,exp2,RANDOM-1000,42,combined,1455,0.95,16.84,15.24,multi,54,experiments/results/rebuttal_repaired_20260502/mbart-fr/exp2/RANDOM-1000/seed42/test_predictions.jsonl
mbart-fr,exp2,RANDOM-1000,42,structured,455,1.13,18.99,17.13,multi,54,experiments/results/rebuttal_repaired_20260502/mbart-fr/exp2/RANDOM-1000/seed42/test_predictions.jsonl
mbart-fr,exp2,RANDOM-1000,42,tatoeba,1000,0.97,16.26,14.71,multi,0,experiments/results/rebuttal_repaired_20260502/mbart-fr/exp2/RANDOM-1000/seed42/test_predictions.jsonl
mbart-fr,exp2,RANDOM-1000,456,combined,1455,0.6,16.27,14.57,multi,54,experiments/results/rebuttal_repaired_20260502/mbart-fr/exp2/RANDOM-1000/seed456/test_predictions.jsonl
mbart-fr,exp2,RANDOM-1000,456,structured,455,0.9,17.6,15.99,multi,54,experiments/results/rebuttal_repaired_20260502/mbart-fr/exp2/RANDOM-1000/seed456/test_predictions.jsonl
mbart-fr,exp2,RANDOM-1000,456,tatoeba,1000,0.59,15.9,14.15,multi,0,experiments/results/rebuttal_repaired_20260502/mbart-fr/exp2/RANDOM-1000/seed456/test_predictions.jsonl
mbart-fr,exp2,RANDOM-1000,789,combined,1455,0.52,14.3,12.88,multi,54,experiments/results/rebuttal_repaired_20260502/mbart-fr/exp2/RANDOM-1000/seed789/test_predictions.jsonl
mbart-fr,exp2,RANDOM-1000,789,structured,455,0.25,12.19,10.69,multi,54,experiments/results/rebuttal_repaired_20260502/mbart-fr/exp2/RANDOM-1000/seed789/test_predictions.jsonl
mbart-fr,exp2,RANDOM-1000,789,tatoeba,1000,0.73,15.1,13.73,multi,0,experiments/results/rebuttal_repaired_20260502/mbart-fr/exp2/RANDOM-1000/seed789/test_predictions.jsonl
mbart-fr,exp2,RANDOM-10000,123,combined,1455,2.52,26.35,23.37,multi,54,experiments/results/rebuttal_repaired_20260502/mbart-fr/exp2/RANDOM-10000/seed123/test_predictions.jsonl
mbart-fr,exp2,RANDOM-10000,123,structured,455,3.21,34.02,29.2,multi,54,experiments/results/rebuttal_repaired_20260502/mbart-fr/exp2/RANDOM-10000/seed123/test_predictions.jsonl
mbart-fr,exp2,RANDOM-10000,123,tatoeba,1000,2.34,24.3,21.81,multi,0,experiments/results/rebuttal_repaired_20260502/mbart-fr/exp2/RANDOM-10000/seed123/test_predictions.jsonl
mbart-fr,exp2,RANDOM-10000,2024,combined,1455,3.03,27.1,24.2,multi,54,experiments/results/rebuttal_repaired_20260502/mbart-fr/exp2/RANDOM-10000/seed2024/test_predictions.jsonl
mbart-fr,exp2,RANDOM-10000,2024,structured,455,3.3,33.73,29.21,multi,54,experiments/results/rebuttal_repaired_20260502/mbart-fr/exp2/RANDOM-10000/seed2024/test_predictions.jsonl
mbart-fr,exp2,RANDOM-10000,2024,tatoeba,1000,2.96,25.34,22.88,multi,0,experiments/results/rebuttal_repaired_20260502/mbart-fr/exp2/RANDOM-10000/seed2024/test_predictions.jsonl
mbart-fr,exp2,RANDOM-10000,42,combined,1455,3.29,26.33,23.43,multi,54,experiments/results/rebuttal_repaired_20260502/mbart-fr/exp2/RANDOM-10000/seed42/test_predictions.jsonl
mbart-fr,exp2,RANDOM-10000,42,structured,455,5.02,33.32,29.27,multi,54,experiments/results/rebuttal_repaired_20260502/mbart-fr/exp2/RANDOM-10000/seed42/test_predictions.jsonl
mbart-fr,exp2,RANDOM-10000,42,tatoeba,1000,2.84,24.48,21.86,multi,0,experiments/results/rebuttal_repaired_20260502/mbart-fr/exp2/RANDOM-10000/seed42/test_predictions.jsonl
mbart-fr,exp2,RANDOM-10000,456,combined,1455,3.45,26.85,24.01,multi,54,experiments/results/rebuttal_repaired_20260502/mbart-fr/exp2/RANDOM-10000/seed456/test_predictions.jsonl
mbart-fr,exp2,RANDOM-10000,456,structured,455,4.24,33.44,29.01,multi,54,experiments/results/rebuttal_repaired_20260502/mbart-fr/exp2/RANDOM-10000/seed456/test_predictions.jsonl
mbart-fr,exp2,RANDOM-10000,456,tatoeba,1000,3.25,25.09,22.67,multi,0,experiments/results/rebuttal_repaired_20260502/mbart-fr/exp2/RANDOM-10000/seed456/test_predictions.jsonl
mbart-fr,exp2,RANDOM-10000,789,combined,1455,3.07,26.76,23.75,multi,54,experiments/results/rebuttal_repaired_20260502/mbart-fr/exp2/RANDOM-10000/seed789/test_predictions.jsonl
mbart-fr,exp2,RANDOM-10000,789,structured,455,4.53,34.88,30.23,multi,54,experiments/results/rebuttal_repaired_20260502/mbart-fr/exp2/RANDOM-10000/seed789/test_predictions.jsonl
mbart-fr,exp2,RANDOM-10000,789,tatoeba,1000,2.68,24.62,22.03,multi,0,experiments/results/rebuttal_repaired_20260502/mbart-fr/exp2/RANDOM-10000/seed789/test_predictions.jsonl
mbart-fr,exp2,RANDOM-200,123,combined,1455,0.14,10.09,8.77,multi,54,experiments/results/rebuttal_repaired_20260502/mbart-fr/exp2/RANDOM-200/seed123/test_predictions.jsonl
mbart-fr,exp2,RANDOM-200,123,structured,455,0.26,9.72,8.17,multi,54,experiments/results/rebuttal_repaired_20260502/mbart-fr/exp2/RANDOM-200/seed123/test_predictions.jsonl
mbart-fr,exp2,RANDOM-200,123,tatoeba,1000,0.15,10.2,8.97,multi,0,experiments/results/rebuttal_repaired_20260502/mbart-fr/exp2/RANDOM-200/seed123/test_predictions.jsonl
mbart-fr,exp2,RANDOM-200,2024,combined,1455,0.16,11.35,10.16,multi,54,experiments/results/rebuttal_repaired_20260502/mbart-fr/exp2/RANDOM-200/seed2024/test_predictions.jsonl
mbart-fr,exp2,RANDOM-200,2024,structured,455,0.32,10.9,9.37,multi,54,experiments/results/rebuttal_repaired_20260502/mbart-fr/exp2/RANDOM-200/seed2024/test_predictions.jsonl
mbart-fr,exp2,RANDOM-200,2024,tatoeba,1000,0.18,11.48,10.41,multi,0,experiments/results/rebuttal_repaired_20260502/mbart-fr/exp2/RANDOM-200/seed2024/test_predictions.jsonl
mbart-fr,exp2,RANDOM-200,42,combined,1455,0.12,10.0,8.8,multi,54,experiments/results/rebuttal_repaired_20260502/mbart-fr/exp2/RANDOM-200/seed42/test_predictions.jsonl
mbart-fr,exp2,RANDOM-200,42,structured,455,0.17,9.29,7.92,multi,54,experiments/results/rebuttal_repaired_20260502/mbart-fr/exp2/RANDOM-200/seed42/test_predictions.jsonl
mbart-fr,exp2,RANDOM-200,42,tatoeba,1000,0.14,10.23,9.09,multi,0,experiments/results/rebuttal_repaired_20260502/mbart-fr/exp2/RANDOM-200/seed42/test_predictions.jsonl
mbart-fr,exp2,RANDOM-200,456,combined,1455,0.15,10.49,9.33,multi,54,experiments/results/rebuttal_repaired_20260502/mbart-fr/exp2/RANDOM-200/seed456/test_predictions.jsonl
mbart-fr,exp2,RANDOM-200,456,structured,455,0.22,10.06,8.55,multi,54,experiments/results/rebuttal_repaired_20260502/mbart-fr/exp2/RANDOM-200/seed456/test_predictions.jsonl
mbart-fr,exp2,RANDOM-200,456,tatoeba,1000,0.17,10.61,9.58,multi,0,experiments/results/rebuttal_repaired_20260502/mbart-fr/exp2/RANDOM-200/seed456/test_predictions.jsonl
mbart-fr,exp2,RANDOM-200,789,combined,1455,0.26,9.14,8.5,multi,54,experiments/results/rebuttal_repaired_20260502/mbart-fr/exp2/RANDOM-200/seed789/test_predictions.jsonl
mbart-fr,exp2,RANDOM-200,789,structured,455,0.32,8.51,7.59,multi,54,experiments/results/rebuttal_repaired_20260502/mbart-fr/exp2/RANDOM-200/seed789/test_predictions.jsonl
mbart-fr,exp2,RANDOM-200,789,tatoeba,1000,0.3,9.32,8.78,multi,0,experiments/results/rebuttal_repaired_20260502/mbart-fr/exp2/RANDOM-200/seed789/test_predictions.jsonl
mbart-fr,exp2,RANDOM-2000,123,combined,1455,1.31,19.51,17.35,multi,54,experiments/results/rebuttal_repaired_20260502/mbart-fr/exp2/RANDOM-2000/seed123/test_predictions.jsonl
mbart-fr,exp2,RANDOM-2000,123,structured,455,0.81,21.9,19.06,multi,54,experiments/results/rebuttal_repaired_20260502/mbart-fr/exp2/RANDOM-2000/seed123/test_predictions.jsonl
mbart-fr,exp2,RANDOM-2000,123,tatoeba,1000,1.43,18.84,16.88,multi,0,experiments/results/rebuttal_repaired_20260502/mbart-fr/exp2/RANDOM-2000/seed123/test_predictions.jsonl
mbart-fr,exp2,RANDOM-2000,2024,combined,1455,1.47,20.2,18.0,multi,54,experiments/results/rebuttal_repaired_20260502/mbart-fr/exp2/RANDOM-2000/seed2024/test_predictions.jsonl
mbart-fr,exp2,RANDOM-2000,2024,structured,455,1.51,24.94,21.57,multi,54,experiments/results/rebuttal_repaired_20260502/mbart-fr/exp2/RANDOM-2000/seed2024/test_predictions.jsonl
mbart-fr,exp2,RANDOM-2000,2024,tatoeba,1000,1.44,18.9,17.03,multi,0,experiments/results/rebuttal_repaired_20260502/mbart-fr/exp2/RANDOM-2000/seed2024/test_predictions.jsonl
mbart-fr,exp2,RANDOM-2000,42,combined,1455,1.45,19.01,16.75,multi,54,experiments/results/rebuttal_repaired_20260502/mbart-fr/exp2/RANDOM-2000/seed42/test_predictions.jsonl
mbart-fr,exp2,RANDOM-2000,42,structured,455,1.03,20.63,17.73,multi,54,experiments/results/rebuttal_repaired_20260502/mbart-fr/exp2/RANDOM-2000/seed42/test_predictions.jsonl
mbart-fr,exp2,RANDOM-2000,42,tatoeba,1000,1.56,18.56,16.5,multi,0,experiments/results/rebuttal_repaired_20260502/mbart-fr/exp2/RANDOM-2000/seed42/test_predictions.jsonl
mbart-fr,exp2,RANDOM-2000,456,combined,1455,1.21,19.14,16.93,multi,54,experiments/results/rebuttal_repaired_20260502/mbart-fr/exp2/RANDOM-2000/seed456/test_predictions.jsonl
mbart-fr,exp2,RANDOM-2000,456,structured,455,1.05,21.23,18.55,multi,54,experiments/results/rebuttal_repaired_20260502/mbart-fr/exp2/RANDOM-2000/seed456/test_predictions.jsonl
mbart-fr,exp2,RANDOM-2000,456,tatoeba,1000,1.28,18.57,16.49,multi,0,experiments/results/rebuttal_repaired_20260502/mbart-fr/exp2/RANDOM-2000/seed456/test_predictions.jsonl
mbart-fr,exp2,RANDOM-2000,789,combined,1455,1.57,20.01,17.91,multi,54,experiments/results/rebuttal_repaired_20260502/mbart-fr/exp2/RANDOM-2000/seed789/test_predictions.jsonl
mbart-fr,exp2,RANDOM-2000,789,structured,455,1.85,24.33,21.57,multi,54,experiments/results/rebuttal_repaired_20260502/mbart-fr/exp2/RANDOM-2000/seed789/test_predictions.jsonl
mbart-fr,exp2,RANDOM-2000,789,tatoeba,1000,1.48,18.85,16.92,multi,0,experiments/results/rebuttal_repaired_20260502/mbart-fr/exp2/RANDOM-2000/seed789/test_predictions.jsonl
mbart-fr,exp2,RANDOM-4000,123,combined,1455,2.17,23.46,20.8,multi,54,experiments/results/rebuttal_repaired_20260502/mbart-fr/exp2/RANDOM-4000/seed123/test_predictions.jsonl
mbart-fr,exp2,RANDOM-4000,123,structured,455,2.19,29.45,25.36,multi,54,experiments/results/rebuttal_repaired_20260502/mbart-fr/exp2/RANDOM-4000/seed123/test_predictions.jsonl
mbart-fr,exp2,RANDOM-4000,123,tatoeba,1000,2.09,21.84,19.57,multi,0,experiments/results/rebuttal_repaired_20260502/mbart-fr/exp2/RANDOM-4000/seed123/test_predictions.jsonl
mbart-fr,exp2,RANDOM-4000,2024,combined,1455,2.3,22.96,20.4,multi,54,experiments/results/rebuttal_repaired_20260502/mbart-fr/exp2/RANDOM-4000/seed2024/test_predictions.jsonl
mbart-fr,exp2,RANDOM-4000,2024,structured,455,2.92,28.34,24.66,multi,54,experiments/results/rebuttal_repaired_20260502/mbart-fr/exp2/RANDOM-4000/seed2024/test_predictions.jsonl
mbart-fr,exp2,RANDOM-4000,2024,tatoeba,1000,2.14,21.56,19.28,multi,0,experiments/results/rebuttal_repaired_20260502/mbart-fr/exp2/RANDOM-4000/seed2024/test_predictions.jsonl
mbart-fr,exp2,RANDOM-4000,42,combined,1455,1.91,22.72,20.04,multi,54,experiments/results/rebuttal_repaired_20260502/mbart-fr/exp2/RANDOM-4000/seed42/test_predictions.jsonl
mbart-fr,exp2,RANDOM-4000,42,structured,455,1.89,27.78,24.29,multi,54,experiments/results/rebuttal_repaired_20260502/mbart-fr/exp2/RANDOM-4000/seed42/test_predictions.jsonl
mbart-fr,exp2,RANDOM-4000,42,tatoeba,1000,1.88,21.36,18.89,multi,0,experiments/results/rebuttal_repaired_20260502/mbart-fr/exp2/RANDOM-4000/seed42/test_predictions.jsonl
mbart-fr,exp2,RANDOM-4000,456,combined,1455,1.78,23.43,20.8,multi,54,experiments/results/rebuttal_repaired_20260502/mbart-fr/exp2/RANDOM-4000/seed456/test_predictions.jsonl
mbart-fr,exp2,RANDOM-4000,456,structured,455,1.28,27.78,23.85,multi,54,experiments/results/rebuttal_repaired_20260502/mbart-fr/exp2/RANDOM-4000/seed456/test_predictions.jsonl
mbart-fr,exp2,RANDOM-4000,456,tatoeba,1000,1.92,22.25,19.99,multi,0,experiments/results/rebuttal_repaired_20260502/mbart-fr/exp2/RANDOM-4000/seed456/test_predictions.jsonl
mbart-fr,exp2,RANDOM-4000,789,combined,1455,2.08,23.29,20.75,multi,54,experiments/results/rebuttal_repaired_20260502/mbart-fr/exp2/RANDOM-4000/seed789/test_predictions.jsonl
mbart-fr,exp2,RANDOM-4000,789,structured,455,2.2,28.6,24.89,multi,54,experiments/results/rebuttal_repaired_20260502/mbart-fr/exp2/RANDOM-4000/seed789/test_predictions.jsonl
mbart-fr,exp2,RANDOM-4000,789,tatoeba,1000,2.01,21.88,19.64,multi,0,experiments/results/rebuttal_repaired_20260502/mbart-fr/exp2/RANDOM-4000/seed789/test_predictions.jsonl
mbart-fr,exp2,RANDOM-500,123,combined,1455,0.42,13.25,11.69,multi,54,experiments/results/rebuttal_repaired_20260502/mbart-fr/exp2/RANDOM-500/seed123/test_predictions.jsonl
mbart-fr,exp2,RANDOM-500,123,structured,455,0.41,12.44,11.03,multi,54,experiments/results/rebuttal_repaired_20260502/mbart-fr/exp2/RANDOM-500/seed123/test_predictions.jsonl
mbart-fr,exp2,RANDOM-500,123,tatoeba,1000,0.46,13.47,11.88,multi,0,experiments/results/rebuttal_repaired_20260502/mbart-fr/exp2/RANDOM-500/seed123/test_predictions.jsonl
mbart-fr,exp2,RANDOM-500,2024,combined,1455,0.4,12.68,11.29,multi,54,experiments/results/rebuttal_repaired_20260502/mbart-fr/exp2/RANDOM-500/seed2024/test_predictions.jsonl
mbart-fr,exp2,RANDOM-500,2024,structured,455,0.42,12.52,11.03,multi,54,experiments/results/rebuttal_repaired_20260502/mbart-fr/exp2/RANDOM-500/seed2024/test_predictions.jsonl
mbart-fr,exp2,RANDOM-500,2024,tatoeba,1000,0.43,12.73,11.37,multi,0,experiments/results/rebuttal_repaired_20260502/mbart-fr/exp2/RANDOM-500/seed2024/test_predictions.jsonl
mbart-fr,exp2,RANDOM-500,42,combined,1455,0.36,12.85,11.5,multi,54,experiments/results/rebuttal_repaired_20260502/mbart-fr/exp2/RANDOM-500/seed42/test_predictions.jsonl
mbart-fr,exp2,RANDOM-500,42,structured,455,0.4,12.23,10.72,multi,54,experiments/results/rebuttal_repaired_20260502/mbart-fr/exp2/RANDOM-500/seed42/test_predictions.jsonl
mbart-fr,exp2,RANDOM-500,42,tatoeba,1000,0.4,13.01,11.72,multi,0,experiments/results/rebuttal_repaired_20260502/mbart-fr/exp2/RANDOM-500/seed42/test_predictions.jsonl
mbart-fr,exp2,RANDOM-500,456,combined,1455,0.34,11.69,10.35,multi,54,experiments/results/rebuttal_repaired_20260502/mbart-fr/exp2/RANDOM-500/seed456/test_predictions.jsonl
mbart-fr,exp2,RANDOM-500,456,structured,455,0.44,11.07,9.68,multi,54,experiments/results/rebuttal_repaired_20260502/mbart-fr/exp2/RANDOM-500/seed456/test_predictions.jsonl
mbart-fr,exp2,RANDOM-500,456,tatoeba,1000,0.36,11.86,10.54,multi,0,experiments/results/rebuttal_repaired_20260502/mbart-fr/exp2/RANDOM-500/seed456/test_predictions.jsonl
mbart-fr,exp2,RANDOM-500,789,combined,1455,0.38,13.48,11.96,multi,54,experiments/results/rebuttal_repaired_20260502/mbart-fr/exp2/RANDOM-500/seed789/test_predictions.jsonl
mbart-fr,exp2,RANDOM-500,789,structured,455,0.39,12.4,10.81,multi,54,experiments/results/rebuttal_repaired_20260502/mbart-fr/exp2/RANDOM-500/seed789/test_predictions.jsonl
mbart-fr,exp2,RANDOM-500,789,tatoeba,1000,0.42,13.77,12.3,multi,0,experiments/results/rebuttal_repaired_20260502/mbart-fr/exp2/RANDOM-500/seed789/test_predictions.jsonl
mbart-fr,exp2,RANDOM-6000,123,combined,1455,2.73,25.67,22.9,multi,54,experiments/results/rebuttal_repaired_20260502/mbart-fr/exp2/RANDOM-6000/seed123/test_predictions.jsonl
mbart-fr,exp2,RANDOM-6000,123,structured,455,3.66,31.03,27.09,multi,54,experiments/results/rebuttal_repaired_20260502/mbart-fr/exp2/RANDOM-6000/seed123/test_predictions.jsonl
mbart-fr,exp2,RANDOM-6000,123,tatoeba,1000,2.48,24.25,21.78,multi,0,experiments/results/rebuttal_repaired_20260502/mbart-fr/exp2/RANDOM-6000/seed123/test_predictions.jsonl
mbart-fr,exp2,RANDOM-6000,2024,combined,1455,2.33,25.3,22.54,multi,54,experiments/results/rebuttal_repaired_20260502/mbart-fr/exp2/RANDOM-6000/seed2024/test_predictions.jsonl
mbart-fr,exp2,RANDOM-6000,2024,structured,455,1.69,29.17,25.28,multi,54,experiments/results/rebuttal_repaired_20260502/mbart-fr/exp2/RANDOM-6000/seed2024/test_predictions.jsonl
mbart-fr,exp2,RANDOM-6000,2024,tatoeba,1000,2.46,24.26,21.81,multi,0,experiments/results/rebuttal_repaired_20260502/mbart-fr/exp2/RANDOM-6000/seed2024/test_predictions.jsonl
mbart-fr,exp2,RANDOM-6000,42,combined,1455,2.14,25.05,22.1,multi,54,experiments/results/rebuttal_repaired_20260502/mbart-fr/exp2/RANDOM-6000/seed42/test_predictions.jsonl
mbart-fr,exp2,RANDOM-6000,42,structured,455,2.86,30.0,25.84,multi,54,experiments/results/rebuttal_repaired_20260502/mbart-fr/exp2/RANDOM-6000/seed42/test_predictions.jsonl
mbart-fr,exp2,RANDOM-6000,42,tatoeba,1000,1.9,23.73,21.1,multi,0,experiments/results/rebuttal_repaired_20260502/mbart-fr/exp2/RANDOM-6000/seed42/test_predictions.jsonl
mbart-fr,exp2,RANDOM-6000,456,combined,1455,2.24,25.22,22.36,multi,54,experiments/results/rebuttal_repaired_20260502/mbart-fr/exp2/RANDOM-6000/seed456/test_predictions.jsonl
mbart-fr,exp2,RANDOM-6000,456,structured,455,1.89,28.26,24.53,multi,54,experiments/results/rebuttal_repaired_20260502/mbart-fr/exp2/RANDOM-6000/seed456/test_predictions.jsonl
mbart-fr,exp2,RANDOM-6000,456,tatoeba,1000,2.31,24.41,21.79,multi,0,experiments/results/rebuttal_repaired_20260502/mbart-fr/exp2/RANDOM-6000/seed456/test_predictions.jsonl
mbart-fr,exp2,RANDOM-6000,789,combined,1455,2.58,24.99,22.29,multi,54,experiments/results/rebuttal_repaired_20260502/mbart-fr/exp2/RANDOM-6000/seed789/test_predictions.jsonl
mbart-fr,exp2,RANDOM-6000,789,structured,455,3.47,31.13,27.37,multi,54,experiments/results/rebuttal_repaired_20260502/mbart-fr/exp2/RANDOM-6000/seed789/test_predictions.jsonl
mbart-fr,exp2,RANDOM-6000,789,tatoeba,1000,2.33,23.35,20.92,multi,0,experiments/results/rebuttal_repaired_20260502/mbart-fr/exp2/RANDOM-6000/seed789/test_predictions.jsonl
mbart-fr,exp2,RANDOM-6K_STRUCTURED-1000,123,combined,1455,20.19,36.77,35.28,multi,54,experiments/results/rebuttal_repaired_20260502/mbart-fr/exp2/RANDOM-6K_STRUCTURED-1000/seed123/test_predictions.jsonl
mbart-fr,exp2,RANDOM-6K_STRUCTURED-1000,123,structured,455,75.27,85.91,85.14,multi,54,experiments/results/rebuttal_repaired_20260502/mbart-fr/exp2/RANDOM-6K_STRUCTURED-1000/seed123/test_predictions.jsonl
mbart-fr,exp2,RANDOM-6K_STRUCTURED-1000,123,tatoeba,1000,2.81,24.06,21.69,multi,0,experiments/results/rebuttal_repaired_20260502/mbart-fr/exp2/RANDOM-6K_STRUCTURED-1000/seed123/test_predictions.jsonl
mbart-fr,exp2,RANDOM-6K_STRUCTURED-1000,2024,combined,1455,20.56,37.37,35.81,multi,54,experiments/results/rebuttal_repaired_20260502/mbart-fr/exp2/RANDOM-6K_STRUCTURED-1000/seed2024/test_predictions.jsonl
mbart-fr,exp2,RANDOM-6K_STRUCTURED-1000,2024,structured,455,75.84,87.82,86.64,multi,54,experiments/results/rebuttal_repaired_20260502/mbart-fr/exp2/RANDOM-6K_STRUCTURED-1000/seed2024/test_predictions.jsonl
mbart-fr,exp2,RANDOM-6K_STRUCTURED-1000,2024,tatoeba,1000,3.24,24.11,21.81,multi,0,experiments/results/rebuttal_repaired_20260502/mbart-fr/exp2/RANDOM-6K_STRUCTURED-1000/seed2024/test_predictions.jsonl
mbart-fr,exp2,RANDOM-6K_STRUCTURED-1000,42,combined,1455,20.8,37.72,36.08,multi,54,experiments/results/rebuttal_repaired_20260502/mbart-fr/exp2/RANDOM-6K_STRUCTURED-1000/seed42/test_predictions.jsonl
mbart-fr,exp2,RANDOM-6K_STRUCTURED-1000,42,structured,455,77.91,88.53,87.49,multi,54,experiments/results/rebuttal_repaired_20260502/mbart-fr/exp2/RANDOM-6K_STRUCTURED-1000/seed42/test_predictions.jsonl
mbart-fr,exp2,RANDOM-6K_STRUCTURED-1000,42,tatoeba,1000,2.78,24.54,22.06,multi,0,experiments/results/rebuttal_repaired_20260502/mbart-fr/exp2/RANDOM-6K_STRUCTURED-1000/seed42/test_predictions.jsonl
mbart-fr,exp2,RANDOM-6K_STRUCTURED-1000,456,combined,1455,21.18,37.19,35.69,multi,54,experiments/results/rebuttal_repaired_20260502/mbart-fr/exp2/RANDOM-6K_STRUCTURED-1000/seed456/test_predictions.jsonl
mbart-fr,exp2,RANDOM-6K_STRUCTURED-1000,456,structured,455,78.87,88.37,87.44,multi,54,experiments/results/rebuttal_repaired_20260502/mbart-fr/exp2/RANDOM-6K_STRUCTURED-1000/seed456/test_predictions.jsonl
mbart-fr,exp2,RANDOM-6K_STRUCTURED-1000,456,tatoeba,1000,2.9,23.81,21.45,multi,0,experiments/results/rebuttal_repaired_20260502/mbart-fr/exp2/RANDOM-6K_STRUCTURED-1000/seed456/test_predictions.jsonl
mbart-fr,exp2,RANDOM-6K_STRUCTURED-1000,789,combined,1455,21.47,36.91,35.41,multi,54,experiments/results/rebuttal_repaired_20260502/mbart-fr/exp2/RANDOM-6K_STRUCTURED-1000/seed789/test_predictions.jsonl
mbart-fr,exp2,RANDOM-6K_STRUCTURED-1000,789,structured,455,80.81,89.24,88.44,multi,54,experiments/results/rebuttal_repaired_20260502/mbart-fr/exp2/RANDOM-6K_STRUCTURED-1000/seed789/test_predictions.jsonl
mbart-fr,exp2,RANDOM-6K_STRUCTURED-1000,789,tatoeba,1000,2.33,23.19,20.79,multi,0,experiments/results/rebuttal_repaired_20260502/mbart-fr/exp2/RANDOM-6K_STRUCTURED-1000/seed789/test_predictions.jsonl
mbart-fr,exp2,RANDOM-6K_STRUCTURED-2000,123,combined,1455,23.35,38.61,37.3,multi,54,experiments/results/rebuttal_repaired_20260502/mbart-fr/exp2/RANDOM-6K_STRUCTURED-2000/seed123/test_predictions.jsonl
mbart-fr,exp2,RANDOM-6K_STRUCTURED-2000,123,structured,455,88.01,93.3,92.98,multi,54,experiments/results/rebuttal_repaired_20260502/mbart-fr/exp2/RANDOM-6K_STRUCTURED-2000/seed123/test_predictions.jsonl
mbart-fr,exp2,RANDOM-6K_STRUCTURED-2000,123,tatoeba,1000,2.5,24.46,22.12,multi,0,experiments/results/rebuttal_repaired_20260502/mbart-fr/exp2/RANDOM-6K_STRUCTURED-2000/seed123/test_predictions.jsonl
mbart-fr,exp2,RANDOM-6K_STRUCTURED-2000,2024,combined,1455,23.53,39.26,37.73,multi,54,experiments/results/rebuttal_repaired_20260502/mbart-fr/exp2/RANDOM-6K_STRUCTURED-2000/seed2024/test_predictions.jsonl
mbart-fr,exp2,RANDOM-6K_STRUCTURED-2000,2024,structured,455,89.11,93.64,93.44,multi,54,experiments/results/rebuttal_repaired_20260502/mbart-fr/exp2/RANDOM-6K_STRUCTURED-2000/seed2024/test_predictions.jsonl
mbart-fr,exp2,RANDOM-6K_STRUCTURED-2000,2024,tatoeba,1000,2.81,25.16,22.5,multi,0,experiments/results/rebuttal_repaired_20260502/mbart-fr/exp2/RANDOM-6K_STRUCTURED-2000/seed2024/test_predictions.jsonl
mbart-fr,exp2,RANDOM-6K_STRUCTURED-2000,42,combined,1455,22.5,37.77,36.38,multi,54,experiments/results/rebuttal_repaired_20260502/mbart-fr/exp2/RANDOM-6K_STRUCTURED-2000/seed42/test_predictions.jsonl
mbart-fr,exp2,RANDOM-6K_STRUCTURED-2000,42,structured,455,84.44,91.59,91.01,multi,54,experiments/results/rebuttal_repaired_20260502/mbart-fr/exp2/RANDOM-6K_STRUCTURED-2000/seed42/test_predictions.jsonl
mbart-fr,exp2,RANDOM-6K_STRUCTURED-2000,42,tatoeba,1000,2.49,23.59,21.26,multi,0,experiments/results/rebuttal_repaired_20260502/mbart-fr/exp2/RANDOM-6K_STRUCTURED-2000/seed42/test_predictions.jsonl
mbart-fr,exp2,RANDOM-6K_STRUCTURED-2000,456,combined,1455,22.36,37.98,36.49,multi,54,experiments/results/rebuttal_repaired_20260502/mbart-fr/exp2/RANDOM-6K_STRUCTURED-2000/seed456/test_predictions.jsonl
mbart-fr,exp2,RANDOM-6K_STRUCTURED-2000,456,structured,455,84.59,90.96,90.48,multi,54,experiments/results/rebuttal_repaired_20260502/mbart-fr/exp2/RANDOM-6K_STRUCTURED-2000/seed456/test_predictions.jsonl
mbart-fr,exp2,RANDOM-6K_STRUCTURED-2000,456,tatoeba,1000,2.61,24.17,21.67,multi,0,experiments/results/rebuttal_repaired_20260502/mbart-fr/exp2/RANDOM-6K_STRUCTURED-2000/seed456/test_predictions.jsonl
mbart-fr,exp2,RANDOM-6K_STRUCTURED-2000,789,combined,1455,23.54,38.34,36.92,multi,54,experiments/results/rebuttal_repaired_20260502/mbart-fr/exp2/RANDOM-6K_STRUCTURED-2000/seed789/test_predictions.jsonl
mbart-fr,exp2,RANDOM-6K_STRUCTURED-2000,789,structured,455,88.17,92.7,92.44,multi,54,experiments/results/rebuttal_repaired_20260502/mbart-fr/exp2/RANDOM-6K_STRUCTURED-2000/seed789/test_predictions.jsonl
mbart-fr,exp2,RANDOM-6K_STRUCTURED-2000,789,tatoeba,1000,2.67,24.1,21.57,multi,0,experiments/results/rebuttal_repaired_20260502/mbart-fr/exp2/RANDOM-6K_STRUCTURED-2000/seed789/test_predictions.jsonl
mbart-fr,exp2,RANDOM-6K_STRUCTURED-4000,123,combined,1455,23.62,38.4,37.06,multi,54,experiments/results/rebuttal_repaired_20260502/mbart-fr/exp2/RANDOM-6K_STRUCTURED-4000/seed123/test_predictions.jsonl
mbart-fr,exp2,RANDOM-6K_STRUCTURED-4000,123,structured,455,90.0,94.48,94.17,multi,54,experiments/results/rebuttal_repaired_20260502/mbart-fr/exp2/RANDOM-6K_STRUCTURED-4000/seed123/test_predictions.jsonl
mbart-fr,exp2,RANDOM-6K_STRUCTURED-4000,123,tatoeba,1000,2.69,23.7,21.33,multi,0,experiments/results/rebuttal_repaired_20260502/mbart-fr/exp2/RANDOM-6K_STRUCTURED-4000/seed123/test_predictions.jsonl
mbart-fr,exp2,RANDOM-6K_STRUCTURED-4000,2024,combined,1455,23.73,38.01,36.84,multi,54,experiments/results/rebuttal_repaired_20260502/mbart-fr/exp2/RANDOM-6K_STRUCTURED-4000/seed2024/test_predictions.jsonl
mbart-fr,exp2,RANDOM-6K_STRUCTURED-4000,2024,structured,455,89.23,94.14,93.66,multi,54,experiments/results/rebuttal_repaired_20260502/mbart-fr/exp2/RANDOM-6K_STRUCTURED-4000/seed2024/test_predictions.jsonl
mbart-fr,exp2,RANDOM-6K_STRUCTURED-4000,2024,tatoeba,1000,2.77,23.17,21.08,multi,0,experiments/results/rebuttal_repaired_20260502/mbart-fr/exp2/RANDOM-6K_STRUCTURED-4000/seed2024/test_predictions.jsonl
mbart-fr,exp2,RANDOM-6K_STRUCTURED-4000,42,combined,1455,23.52,37.91,36.54,multi,54,experiments/results/rebuttal_repaired_20260502/mbart-fr/exp2/RANDOM-6K_STRUCTURED-4000/seed42/test_predictions.jsonl
mbart-fr,exp2,RANDOM-6K_STRUCTURED-4000,42,structured,455,90.41,94.23,94.03,multi,54,experiments/results/rebuttal_repaired_20260502/mbart-fr/exp2/RANDOM-6K_STRUCTURED-4000/seed42/test_predictions.jsonl
mbart-fr,exp2,RANDOM-6K_STRUCTURED-4000,42,tatoeba,1000,1.6,23.23,20.72,multi,0,experiments/results/rebuttal_repaired_20260502/mbart-fr/exp2/RANDOM-6K_STRUCTURED-4000/seed42/test_predictions.jsonl
mbart-fr,exp2,RANDOM-6K_STRUCTURED-4000,456,combined,1455,24.06,39.2,37.76,multi,54,experiments/results/rebuttal_repaired_20260502/mbart-fr/exp2/RANDOM-6K_STRUCTURED-4000/seed456/test_predictions.jsonl
mbart-fr,exp2,RANDOM-6K_STRUCTURED-4000,456,structured,455,92.46,95.99,95.68,multi,54,experiments/results/rebuttal_repaired_20260502/mbart-fr/exp2/RANDOM-6K_STRUCTURED-4000/seed456/test_predictions.jsonl
mbart-fr,exp2,RANDOM-6K_STRUCTURED-4000,456,tatoeba,1000,2.56,24.54,22.02,multi,0,experiments/results/rebuttal_repaired_20260502/mbart-fr/exp2/RANDOM-6K_STRUCTURED-4000/seed456/test_predictions.jsonl
mbart-fr,exp2,RANDOM-6K_STRUCTURED-4000,789,combined,1455,24.12,38.91,37.41,multi,54,experiments/results/rebuttal_repaired_20260502/mbart-fr/exp2/RANDOM-6K_STRUCTURED-4000/seed789/test_predictions.jsonl
mbart-fr,exp2,RANDOM-6K_STRUCTURED-4000,789,structured,455,93.16,95.78,95.71,multi,54,experiments/results/rebuttal_repaired_20260502/mbart-fr/exp2/RANDOM-6K_STRUCTURED-4000/seed789/test_predictions.jsonl
mbart-fr,exp2,RANDOM-6K_STRUCTURED-4000,789,tatoeba,1000,2.57,24.23,21.52,multi,0,experiments/results/rebuttal_repaired_20260502/mbart-fr/exp2/RANDOM-6K_STRUCTURED-4000/seed789/test_predictions.jsonl
mbart-fr,exp2,RANDOM-6K_STRUCTURED-500,123,combined,1455,17.25,34.91,33.2,multi,54,experiments/results/rebuttal_repaired_20260502/mbart-fr/exp2/RANDOM-6K_STRUCTURED-500/seed123/test_predictions.jsonl
mbart-fr,exp2,RANDOM-6K_STRUCTURED-500,123,structured,455,64.15,77.69,76.67,multi,54,experiments/results/rebuttal_repaired_20260502/mbart-fr/exp2/RANDOM-6K_STRUCTURED-500/seed123/test_predictions.jsonl
mbart-fr,exp2,RANDOM-6K_STRUCTURED-500,123,tatoeba,1000,2.2,23.76,21.27,multi,0,experiments/results/rebuttal_repaired_20260502/mbart-fr/exp2/RANDOM-6K_STRUCTURED-500/seed123/test_predictions.jsonl
mbart-fr,exp2,RANDOM-6K_STRUCTURED-500,2024,combined,1455,17.78,35.66,33.87,multi,54,experiments/results/rebuttal_repaired_20260502/mbart-fr/exp2/RANDOM-6K_STRUCTURED-500/seed2024/test_predictions.jsonl
mbart-fr,exp2,RANDOM-6K_STRUCTURED-500,2024,structured,455,65.59,80.29,78.83,multi,54,experiments/results/rebuttal_repaired_20260502/mbart-fr/exp2/RANDOM-6K_STRUCTURED-500/seed2024/test_predictions.jsonl
mbart-fr,exp2,RANDOM-6K_STRUCTURED-500,2024,tatoeba,1000,2.47,23.99,21.54,multi,0,experiments/results/rebuttal_repaired_20260502/mbart-fr/exp2/RANDOM-6K_STRUCTURED-500/seed2024/test_predictions.jsonl
mbart-fr,exp2,RANDOM-6K_STRUCTURED-500,42,combined,1455,17.1,35.55,33.71,multi,54,experiments/results/rebuttal_repaired_20260502/mbart-fr/exp2/RANDOM-6K_STRUCTURED-500/seed42/test_predictions.jsonl
mbart-fr,exp2,RANDOM-6K_STRUCTURED-500,42,structured,455,62.21,79.08,77.35,multi,54,experiments/results/rebuttal_repaired_20260502/mbart-fr/exp2/RANDOM-6K_STRUCTURED-500/seed42/test_predictions.jsonl
mbart-fr,exp2,RANDOM-6K_STRUCTURED-500,42,tatoeba,1000,2.42,24.17,21.72,multi,0,experiments/results/rebuttal_repaired_20260502/mbart-fr/exp2/RANDOM-6K_STRUCTURED-500/seed42/test_predictions.jsonl
mbart-fr,exp2,RANDOM-6K_STRUCTURED-500,456,combined,1455,18.04,36.14,34.37,multi,54,experiments/results/rebuttal_repaired_20260502/mbart-fr/exp2/RANDOM-6K_STRUCTURED-500/seed456/test_predictions.jsonl
mbart-fr,exp2,RANDOM-6K_STRUCTURED-500,456,structured,455,66.14,81.85,80.41,multi,54,experiments/results/rebuttal_repaired_20260502/mbart-fr/exp2/RANDOM-6K_STRUCTURED-500/seed456/test_predictions.jsonl
mbart-fr,exp2,RANDOM-6K_STRUCTURED-500,456,tatoeba,1000,2.35,24.23,21.76,multi,0,experiments/results/rebuttal_repaired_20260502/mbart-fr/exp2/RANDOM-6K_STRUCTURED-500/seed456/test_predictions.jsonl
mbart-fr,exp2,RANDOM-6K_STRUCTURED-500,789,combined,1455,17.92,35.88,34.1,multi,54,experiments/results/rebuttal_repaired_20260502/mbart-fr/exp2/RANDOM-6K_STRUCTURED-500/seed789/test_predictions.jsonl
mbart-fr,exp2,RANDOM-6K_STRUCTURED-500,789,structured,455,64.7,79.86,78.18,multi,54,experiments/results/rebuttal_repaired_20260502/mbart-fr/exp2/RANDOM-6K_STRUCTURED-500/seed789/test_predictions.jsonl
mbart-fr,exp2,RANDOM-6K_STRUCTURED-500,789,tatoeba,1000,2.9,24.38,22.01,multi,0,experiments/results/rebuttal_repaired_20260502/mbart-fr/exp2/RANDOM-6K_STRUCTURED-500/seed789/test_predictions.jsonl
mbart-fr,exp2,RANDOM-8000,123,combined,1455,2.52,26.35,23.37,multi,54,experiments/results/rebuttal_repaired_20260502/mbart-fr/exp2/RANDOM-8000/seed123/test_predictions.jsonl
mbart-fr,exp2,RANDOM-8000,123,structured,455,3.21,34.02,29.2,multi,54,experiments/results/rebuttal_repaired_20260502/mbart-fr/exp2/RANDOM-8000/seed123/test_predictions.jsonl
mbart-fr,exp2,RANDOM-8000,123,tatoeba,1000,2.34,24.3,21.81,multi,0,experiments/results/rebuttal_repaired_20260502/mbart-fr/exp2/RANDOM-8000/seed123/test_predictions.jsonl
mbart-fr,exp2,RANDOM-8000,2024,combined,1455,3.03,27.1,24.2,multi,54,experiments/results/rebuttal_repaired_20260502/mbart-fr/exp2/RANDOM-8000/seed2024/test_predictions.jsonl
mbart-fr,exp2,RANDOM-8000,2024,structured,455,3.3,33.73,29.21,multi,54,experiments/results/rebuttal_repaired_20260502/mbart-fr/exp2/RANDOM-8000/seed2024/test_predictions.jsonl
mbart-fr,exp2,RANDOM-8000,2024,tatoeba,1000,2.96,25.34,22.88,multi,0,experiments/results/rebuttal_repaired_20260502/mbart-fr/exp2/RANDOM-8000/seed2024/test_predictions.jsonl
mbart-fr,exp2,RANDOM-8000,42,combined,1455,3.29,26.33,23.43,multi,54,experiments/results/rebuttal_repaired_20260502/mbart-fr/exp2/RANDOM-8000/seed42/test_predictions.jsonl
mbart-fr,exp2,RANDOM-8000,42,structured,455,5.02,33.32,29.27,multi,54,experiments/results/rebuttal_repaired_20260502/mbart-fr/exp2/RANDOM-8000/seed42/test_predictions.jsonl
mbart-fr,exp2,RANDOM-8000,42,tatoeba,1000,2.84,24.48,21.86,multi,0,experiments/results/rebuttal_repaired_20260502/mbart-fr/exp2/RANDOM-8000/seed42/test_predictions.jsonl
mbart-fr,exp2,RANDOM-8000,456,combined,1455,3.45,26.85,24.01,multi,54,experiments/results/rebuttal_repaired_20260502/mbart-fr/exp2/RANDOM-8000/seed456/test_predictions.jsonl
mbart-fr,exp2,RANDOM-8000,456,structured,455,4.24,33.44,29.01,multi,54,experiments/results/rebuttal_repaired_20260502/mbart-fr/exp2/RANDOM-8000/seed456/test_predictions.jsonl
mbart-fr,exp2,RANDOM-8000,456,tatoeba,1000,3.25,25.09,22.67,multi,0,experiments/results/rebuttal_repaired_20260502/mbart-fr/exp2/RANDOM-8000/seed456/test_predictions.jsonl
mbart-fr,exp2,RANDOM-8000,789,combined,1455,3.07,26.76,23.75,multi,54,experiments/results/rebuttal_repaired_20260502/mbart-fr/exp2/RANDOM-8000/seed789/test_predictions.jsonl
mbart-fr,exp2,RANDOM-8000,789,structured,455,4.53,34.88,30.23,multi,54,experiments/results/rebuttal_repaired_20260502/mbart-fr/exp2/RANDOM-8000/seed789/test_predictions.jsonl
mbart-fr,exp2,RANDOM-8000,789,tatoeba,1000,2.68,24.62,22.03,multi,0,experiments/results/rebuttal_repaired_20260502/mbart-fr/exp2/RANDOM-8000/seed789/test_predictions.jsonl
mbart-fr,exp2,REPLACE-R9000_S1000,42,combined,1455,20.21,37.72,36.15,multi,54,experiments/results/rebuttal_repaired_20260502/mbart-fr/exp2/REPLACE-R9000_S1000/seed42/test_predictions.jsonl
mbart-fr,exp2,REPLACE-R9000_S1000,42,structured,455,75.38,86.18,85.46,multi,54,experiments/results/rebuttal_repaired_20260502/mbart-fr/exp2/REPLACE-R9000_S1000/seed42/test_predictions.jsonl
mbart-fr,exp2,REPLACE-R9000_S1000,42,tatoeba,1000,2.62,25.12,22.69,multi,0,experiments/results/rebuttal_repaired_20260502/mbart-fr/exp2/REPLACE-R9000_S1000/seed42/test_predictions.jsonl
mbart-fr,exp2,REPLACE-R9500_S500,123,combined,1455,17.11,36.39,34.44,multi,54,experiments/results/rebuttal_repaired_20260502/mbart-fr/exp2/REPLACE-R9500_S500/seed123/test_predictions.jsonl
mbart-fr,exp2,REPLACE-R9500_S500,123,structured,455,62.23,78.47,76.99,multi,54,experiments/results/rebuttal_repaired_20260502/mbart-fr/exp2/REPLACE-R9500_S500/seed123/test_predictions.jsonl
mbart-fr,exp2,REPLACE-R9500_S500,123,tatoeba,1000,3.12,25.51,22.86,multi,0,experiments/results/rebuttal_repaired_20260502/mbart-fr/exp2/REPLACE-R9500_S500/seed123/test_predictions.jsonl
mbart-fr,exp2,REPLACE-R9500_S500,2024,combined,1455,18.86,36.74,35.06,multi,54,experiments/results/rebuttal_repaired_20260502/mbart-fr/exp2/REPLACE-R9500_S500/seed2024/test_predictions.jsonl
mbart-fr,exp2,REPLACE-R9500_S500,2024,structured,455,68.1,81.85,80.83,multi,54,experiments/results/rebuttal_repaired_20260502/mbart-fr/exp2/REPLACE-R9500_S500/seed2024/test_predictions.jsonl
mbart-fr,exp2,REPLACE-R9500_S500,2024,tatoeba,1000,2.96,24.91,22.45,multi,0,experiments/results/rebuttal_repaired_20260502/mbart-fr/exp2/REPLACE-R9500_S500/seed2024/test_predictions.jsonl
mbart-fr,exp2,REPLACE-R9500_S500,42,combined,1455,16.76,35.79,33.82,multi,54,experiments/results/rebuttal_repaired_20260502/mbart-fr/exp2/REPLACE-R9500_S500/seed42/test_predictions.jsonl
mbart-fr,exp2,REPLACE-R9500_S500,42,structured,455,61.23,77.58,75.99,multi,54,experiments/results/rebuttal_repaired_20260502/mbart-fr/exp2/REPLACE-R9500_S500/seed42/test_predictions.jsonl
mbart-fr,exp2,REPLACE-R9500_S500,42,tatoeba,1000,3.0,24.93,22.31,multi,0,experiments/results/rebuttal_repaired_20260502/mbart-fr/exp2/REPLACE-R9500_S500/seed42/test_predictions.jsonl
mbart-fr,exp2,REPLACE-R9500_S500,456,combined,1455,16.07,36.59,34.36,multi,54,experiments/results/rebuttal_repaired_20260502/mbart-fr/exp2/REPLACE-R9500_S500/seed456/test_predictions.jsonl
mbart-fr,exp2,REPLACE-R9500_S500,456,structured,455,58.34,77.95,75.97,multi,54,experiments/results/rebuttal_repaired_20260502/mbart-fr/exp2/REPLACE-R9500_S500/seed456/test_predictions.jsonl
mbart-fr,exp2,REPLACE-R9500_S500,456,tatoeba,1000,2.56,25.81,22.98,multi,0,experiments/results/rebuttal_repaired_20260502/mbart-fr/exp2/REPLACE-R9500_S500/seed456/test_predictions.jsonl
mbart-fr,exp2,REPLACE-R9500_S500,789,combined,1455,16.26,35.26,33.3,multi,54,experiments/results/rebuttal_repaired_20260502/mbart-fr/exp2/REPLACE-R9500_S500/seed789/test_predictions.jsonl
mbart-fr,exp2,REPLACE-R9500_S500,789,structured,455,59.42,75.06,73.77,multi,54,experiments/results/rebuttal_repaired_20260502/mbart-fr/exp2/REPLACE-R9500_S500/seed789/test_predictions.jsonl
mbart-fr,exp2,REPLACE-R9500_S500,789,tatoeba,1000,2.7,24.88,22.18,multi,0,experiments/results/rebuttal_repaired_20260502/mbart-fr/exp2/REPLACE-R9500_S500/seed789/test_predictions.jsonl
mbart-fr,exp2,STRUCTURED-1000,123,combined,1455,22.38,27.69,27.57,multi,54,experiments/results/rebuttal_repaired_20260502/mbart-fr/exp2/STRUCTURED-1000/seed123/test_predictions.jsonl
mbart-fr,exp2,STRUCTURED-1000,123,structured,455,89.63,93.52,93.33,multi,54,experiments/results/rebuttal_repaired_20260502/mbart-fr/exp2/STRUCTURED-1000/seed123/test_predictions.jsonl
mbart-fr,exp2,STRUCTURED-1000,123,tatoeba,1000,0.29,8.67,7.83,multi,0,experiments/results/rebuttal_repaired_20260502/mbart-fr/exp2/STRUCTURED-1000/seed123/test_predictions.jsonl
mbart-fr,exp2,STRUCTURED-1000,2024,combined,1455,21.68,27.32,27.05,multi,54,experiments/results/rebuttal_repaired_20260502/mbart-fr/exp2/STRUCTURED-1000/seed2024/test_predictions.jsonl
mbart-fr,exp2,STRUCTURED-1000,2024,structured,455,87.42,92.27,91.84,multi,54,experiments/results/rebuttal_repaired_20260502/mbart-fr/exp2/STRUCTURED-1000/seed2024/test_predictions.jsonl
mbart-fr,exp2,STRUCTURED-1000,2024,tatoeba,1000,0.27,8.71,7.72,multi,0,experiments/results/rebuttal_repaired_20260502/mbart-fr/exp2/STRUCTURED-1000/seed2024/test_predictions.jsonl
mbart-fr,exp2,STRUCTURED-1000,42,combined,1455,21.89,27.63,27.37,multi,54,experiments/results/rebuttal_repaired_20260502/mbart-fr/exp2/STRUCTURED-1000/seed42/test_predictions.jsonl
mbart-fr,exp2,STRUCTURED-1000,42,structured,455,88.22,93.52,93.05,multi,54,experiments/results/rebuttal_repaired_20260502/mbart-fr/exp2/STRUCTURED-1000/seed42/test_predictions.jsonl
mbart-fr,exp2,STRUCTURED-1000,42,tatoeba,1000,0.36,8.66,7.74,multi,0,experiments/results/rebuttal_repaired_20260502/mbart-fr/exp2/STRUCTURED-1000/seed42/test_predictions.jsonl
mbart-fr,exp2,STRUCTURED-1000,456,combined,1455,21.65,27.7,27.37,multi,54,experiments/results/rebuttal_repaired_20260502/mbart-fr/exp2/STRUCTURED-1000/seed456/test_predictions.jsonl
mbart-fr,exp2,STRUCTURED-1000,456,structured,455,86.57,92.37,91.86,multi,54,experiments/results/rebuttal_repaired_20260502/mbart-fr/exp2/STRUCTURED-1000/seed456/test_predictions.jsonl
mbart-fr,exp2,STRUCTURED-1000,456,tatoeba,1000,0.23,9.31,8.25,multi,0,experiments/results/rebuttal_repaired_20260502/mbart-fr/exp2/STRUCTURED-1000/seed456/test_predictions.jsonl
mbart-fr,exp2,STRUCTURED-1000,789,combined,1455,21.9,27.25,27.08,multi,54,experiments/results/rebuttal_repaired_20260502/mbart-fr/exp2/STRUCTURED-1000/seed789/test_predictions.jsonl
mbart-fr,exp2,STRUCTURED-1000,789,structured,455,87.03,91.41,91.17,multi,54,experiments/results/rebuttal_repaired_20260502/mbart-fr/exp2/STRUCTURED-1000/seed789/test_predictions.jsonl
mbart-fr,exp2,STRUCTURED-1000,789,tatoeba,1000,0.3,8.76,7.85,multi,0,experiments/results/rebuttal_repaired_20260502/mbart-fr/exp2/STRUCTURED-1000/seed789/test_predictions.jsonl
mbart-fr,exp2,STRUCTURED-200,123,combined,1455,8.72,18.29,17.68,multi,54,experiments/results/rebuttal_repaired_20260502/mbart-fr/exp2/STRUCTURED-200/seed123/test_predictions.jsonl
mbart-fr,exp2,STRUCTURED-200,123,structured,455,34.52,52.06,51.32,multi,54,experiments/results/rebuttal_repaired_20260502/mbart-fr/exp2/STRUCTURED-200/seed123/test_predictions.jsonl
mbart-fr,exp2,STRUCTURED-200,123,tatoeba,1000,0.23,8.93,7.9,multi,0,experiments/results/rebuttal_repaired_20260502/mbart-fr/exp2/STRUCTURED-200/seed123/test_predictions.jsonl
mbart-fr,exp2,STRUCTURED-200,2024,combined,1455,8.42,17.4,17.22,multi,54,experiments/results/rebuttal_repaired_20260502/mbart-fr/exp2/STRUCTURED-200/seed2024/test_predictions.jsonl
mbart-fr,exp2,STRUCTURED-200,2024,structured,455,33.39,48.61,48.27,multi,54,experiments/results/rebuttal_repaired_20260502/mbart-fr/exp2/STRUCTURED-200/seed2024/test_predictions.jsonl
mbart-fr,exp2,STRUCTURED-200,2024,tatoeba,1000,0.26,8.82,8.33,multi,0,experiments/results/rebuttal_repaired_20260502/mbart-fr/exp2/STRUCTURED-200/seed2024/test_predictions.jsonl
mbart-fr,exp2,STRUCTURED-200,42,combined,1455,9.15,17.61,17.25,multi,54,experiments/results/rebuttal_repaired_20260502/mbart-fr/exp2/STRUCTURED-200/seed42/test_predictions.jsonl
mbart-fr,exp2,STRUCTURED-200,42,structured,455,36.34,49.94,49.62,multi,54,experiments/results/rebuttal_repaired_20260502/mbart-fr/exp2/STRUCTURED-200/seed42/test_predictions.jsonl
mbart-fr,exp2,STRUCTURED-200,42,tatoeba,1000,0.32,8.65,7.87,multi,0,experiments/results/rebuttal_repaired_20260502/mbart-fr/exp2/STRUCTURED-200/seed42/test_predictions.jsonl
mbart-fr,exp2,STRUCTURED-200,456,combined,1455,5.45,14.65,14.26,multi,54,experiments/results/rebuttal_repaired_20260502/mbart-fr/exp2/STRUCTURED-200/seed456/test_predictions.jsonl
mbart-fr,exp2,STRUCTURED-200,456,structured,455,21.39,38.2,37.44,multi,54,experiments/results/rebuttal_repaired_20260502/mbart-fr/exp2/STRUCTURED-200/seed456/test_predictions.jsonl
mbart-fr,exp2,STRUCTURED-200,456,tatoeba,1000,0.34,8.11,7.57,multi,0,experiments/results/rebuttal_repaired_20260502/mbart-fr/exp2/STRUCTURED-200/seed456/test_predictions.jsonl
mbart-fr,exp2,STRUCTURED-200,789,combined,1455,9.51,18.7,17.96,multi,54,experiments/results/rebuttal_repaired_20260502/mbart-fr/exp2/STRUCTURED-200/seed789/test_predictions.jsonl
mbart-fr,exp2,STRUCTURED-200,789,structured,455,36.69,53.21,52.33,multi,54,experiments/results/rebuttal_repaired_20260502/mbart-fr/exp2/STRUCTURED-200/seed789/test_predictions.jsonl
mbart-fr,exp2,STRUCTURED-200,789,tatoeba,1000,0.31,8.88,7.76,multi,0,experiments/results/rebuttal_repaired_20260502/mbart-fr/exp2/STRUCTURED-200/seed789/test_predictions.jsonl
mbart-fr,exp2,STRUCTURED-2000,123,combined,1455,22.84,28.25,27.99,multi,54,experiments/results/rebuttal_repaired_20260502/mbart-fr/exp2/STRUCTURED-2000/seed123/test_predictions.jsonl
mbart-fr,exp2,STRUCTURED-2000,123,structured,455,92.72,95.84,95.67,multi,54,experiments/results/rebuttal_repaired_20260502/mbart-fr/exp2/STRUCTURED-2000/seed123/test_predictions.jsonl
mbart-fr,exp2,STRUCTURED-2000,123,tatoeba,1000,0.31,8.86,7.8,multi,0,experiments/results/rebuttal_repaired_20260502/mbart-fr/exp2/STRUCTURED-2000/seed123/test_predictions.jsonl
mbart-fr,exp2,STRUCTURED-2000,2024,combined,1455,23.11,28.03,27.86,multi,54,experiments/results/rebuttal_repaired_20260502/mbart-fr/exp2/STRUCTURED-2000/seed2024/test_predictions.jsonl
mbart-fr,exp2,STRUCTURED-2000,2024,structured,455,92.79,95.58,95.5,multi,54,experiments/results/rebuttal_repaired_20260502/mbart-fr/exp2/STRUCTURED-2000/seed2024/test_predictions.jsonl
mbart-fr,exp2,STRUCTURED-2000,2024,tatoeba,1000,0.24,8.46,7.49,multi,0,experiments/results/rebuttal_repaired_20260502/mbart-fr/exp2/STRUCTURED-2000/seed2024/test_predictions.jsonl
mbart-fr,exp2,STRUCTURED-2000,42,combined,1455,22.75,28.34,28.11,multi,54,experiments/results/rebuttal_repaired_20260502/mbart-fr/exp2/STRUCTURED-2000/seed42/test_predictions.jsonl
mbart-fr,exp2,STRUCTURED-2000,42,structured,455,92.8,95.57,95.44,multi,54,experiments/results/rebuttal_repaired_20260502/mbart-fr/exp2/STRUCTURED-2000/seed42/test_predictions.jsonl
mbart-fr,exp2,STRUCTURED-2000,42,tatoeba,1000,0.38,9.3,8.27,multi,0,experiments/results/rebuttal_repaired_20260502/mbart-fr/exp2/STRUCTURED-2000/seed42/test_predictions.jsonl
mbart-fr,exp2,STRUCTURED-2000,456,combined,1455,23.09,28.41,28.2,multi,54,experiments/results/rebuttal_repaired_20260502/mbart-fr/exp2/STRUCTURED-2000/seed456/test_predictions.jsonl
mbart-fr,exp2,STRUCTURED-2000,456,structured,455,92.31,96.0,95.71,multi,54,experiments/results/rebuttal_repaired_20260502/mbart-fr/exp2/STRUCTURED-2000/seed456/test_predictions.jsonl
mbart-fr,exp2,STRUCTURED-2000,456,tatoeba,1000,0.36,9.12,8.12,multi,0,experiments/results/rebuttal_repaired_20260502/mbart-fr/exp2/STRUCTURED-2000/seed456/test_predictions.jsonl
mbart-fr,exp2,STRUCTURED-2000,789,combined,1455,23.09,28.11,27.97,multi,54,experiments/results/rebuttal_repaired_20260502/mbart-fr/exp2/STRUCTURED-2000/seed789/test_predictions.jsonl
mbart-fr,exp2,STRUCTURED-2000,789,structured,455,92.94,95.25,95.21,multi,54,experiments/results/rebuttal_repaired_20260502/mbart-fr/exp2/STRUCTURED-2000/seed789/test_predictions.jsonl
mbart-fr,exp2,STRUCTURED-2000,789,tatoeba,1000,0.32,8.79,7.84,multi,0,experiments/results/rebuttal_repaired_20260502/mbart-fr/exp2/STRUCTURED-2000/seed789/test_predictions.jsonl
mbart-fr,exp2,STRUCTURED-3000,123,combined,1455,23.32,28.0,27.85,multi,54,experiments/results/rebuttal_repaired_20260502/mbart-fr/exp2/STRUCTURED-3000/seed123/test_predictions.jsonl
mbart-fr,exp2,STRUCTURED-3000,123,structured,455,93.49,95.82,95.81,multi,54,experiments/results/rebuttal_repaired_20260502/mbart-fr/exp2/STRUCTURED-3000/seed123/test_predictions.jsonl
mbart-fr,exp2,STRUCTURED-3000,123,tatoeba,1000,0.28,8.43,7.43,multi,0,experiments/results/rebuttal_repaired_20260502/mbart-fr/exp2/STRUCTURED-3000/seed123/test_predictions.jsonl
mbart-fr,exp2,STRUCTURED-3000,2024,combined,1455,23.3,28.4,28.16,multi,54,experiments/results/rebuttal_repaired_20260502/mbart-fr/exp2/STRUCTURED-3000/seed2024/test_predictions.jsonl
mbart-fr,exp2,STRUCTURED-3000,2024,structured,455,94.27,96.73,96.56,multi,54,experiments/results/rebuttal_repaired_20260502/mbart-fr/exp2/STRUCTURED-3000/seed2024/test_predictions.jsonl
mbart-fr,exp2,STRUCTURED-3000,2024,tatoeba,1000,0.23,8.81,7.75,multi,0,experiments/results/rebuttal_repaired_20260502/mbart-fr/exp2/STRUCTURED-3000/seed2024/test_predictions.jsonl
mbart-fr,exp2,STRUCTURED-3000,42,combined,1455,23.01,28.22,28.04,multi,54,experiments/results/rebuttal_repaired_20260502/mbart-fr/exp2/STRUCTURED-3000/seed42/test_predictions.jsonl
mbart-fr,exp2,STRUCTURED-3000,42,structured,455,93.3,95.65,95.61,multi,54,experiments/results/rebuttal_repaired_20260502/mbart-fr/exp2/STRUCTURED-3000/seed42/test_predictions.jsonl
mbart-fr,exp2,STRUCTURED-3000,42,tatoeba,1000,0.24,8.99,7.99,multi,0,experiments/results/rebuttal_repaired_20260502/mbart-fr/exp2/STRUCTURED-3000/seed42/test_predictions.jsonl
mbart-fr,exp2,STRUCTURED-3000,456,combined,1455,22.6,27.9,27.67,multi,54,experiments/results/rebuttal_repaired_20260502/mbart-fr/exp2/STRUCTURED-3000/seed456/test_predictions.jsonl
mbart-fr,exp2,STRUCTURED-3000,456,structured,455,92.61,95.59,95.44,multi,54,experiments/results/rebuttal_repaired_20260502/mbart-fr/exp2/STRUCTURED-3000/seed456/test_predictions.jsonl
mbart-fr,exp2,STRUCTURED-3000,456,tatoeba,1000,0.23,8.58,7.56,multi,0,experiments/results/rebuttal_repaired_20260502/mbart-fr/exp2/STRUCTURED-3000/seed456/test_predictions.jsonl
mbart-fr,exp2,STRUCTURED-3000,789,combined,1455,21.5,26.53,26.48,multi,54,experiments/results/rebuttal_repaired_20260502/mbart-fr/exp2/STRUCTURED-3000/seed789/test_predictions.jsonl
mbart-fr,exp2,STRUCTURED-3000,789,structured,455,87.25,90.65,90.64,multi,54,experiments/results/rebuttal_repaired_20260502/mbart-fr/exp2/STRUCTURED-3000/seed789/test_predictions.jsonl
mbart-fr,exp2,STRUCTURED-3000,789,tatoeba,1000,0.41,8.15,7.37,multi,0,experiments/results/rebuttal_repaired_20260502/mbart-fr/exp2/STRUCTURED-3000/seed789/test_predictions.jsonl
mbart-fr,exp2,STRUCTURED-4000,123,combined,1455,22.15,27.77,27.58,multi,54,experiments/results/rebuttal_repaired_20260502/mbart-fr/exp2/STRUCTURED-4000/seed123/test_predictions.jsonl
mbart-fr,exp2,STRUCTURED-4000,123,structured,455,89.42,94.54,94.18,multi,54,experiments/results/rebuttal_repaired_20260502/mbart-fr/exp2/STRUCTURED-4000/seed123/test_predictions.jsonl
mbart-fr,exp2,STRUCTURED-4000,123,tatoeba,1000,0.34,8.51,7.64,multi,0,experiments/results/rebuttal_repaired_20260502/mbart-fr/exp2/STRUCTURED-4000/seed123/test_predictions.jsonl
mbart-fr,exp2,STRUCTURED-4000,2024,combined,1455,22.62,28.21,27.91,multi,54,experiments/results/rebuttal_repaired_20260502/mbart-fr/exp2/STRUCTURED-4000/seed2024/test_predictions.jsonl
mbart-fr,exp2,STRUCTURED-4000,2024,structured,455,91.83,95.73,95.48,multi,54,experiments/results/rebuttal_repaired_20260502/mbart-fr/exp2/STRUCTURED-4000/seed2024/test_predictions.jsonl
mbart-fr,exp2,STRUCTURED-4000,2024,tatoeba,1000,0.31,9.12,7.99,multi,0,experiments/results/rebuttal_repaired_20260502/mbart-fr/exp2/STRUCTURED-4000/seed2024/test_predictions.jsonl
mbart-fr,exp2,STRUCTURED-4000,42,combined,1455,22.65,28.33,28.07,multi,54,experiments/results/rebuttal_repaired_20260502/mbart-fr/exp2/STRUCTURED-4000/seed42/test_predictions.jsonl
mbart-fr,exp2,STRUCTURED-4000,42,structured,455,93.13,95.61,95.59,multi,54,experiments/results/rebuttal_repaired_20260502/mbart-fr/exp2/STRUCTURED-4000/seed42/test_predictions.jsonl
mbart-fr,exp2,STRUCTURED-4000,42,tatoeba,1000,0.34,9.35,8.25,multi,0,experiments/results/rebuttal_repaired_20260502/mbart-fr/exp2/STRUCTURED-4000/seed42/test_predictions.jsonl
mbart-fr,exp2,STRUCTURED-4000,456,combined,1455,23.26,28.46,28.23,multi,54,experiments/results/rebuttal_repaired_20260502/mbart-fr/exp2/STRUCTURED-4000/seed456/test_predictions.jsonl
mbart-fr,exp2,STRUCTURED-4000,456,structured,455,93.54,96.15,96.09,multi,54,experiments/results/rebuttal_repaired_20260502/mbart-fr/exp2/STRUCTURED-4000/seed456/test_predictions.jsonl
mbart-fr,exp2,STRUCTURED-4000,456,tatoeba,1000,0.38,9.13,8.04,multi,0,experiments/results/rebuttal_repaired_20260502/mbart-fr/exp2/STRUCTURED-4000/seed456/test_predictions.jsonl
mbart-fr,exp2,STRUCTURED-4000,789,combined,1455,22.59,27.98,27.7,multi,54,experiments/results/rebuttal_repaired_20260502/mbart-fr/exp2/STRUCTURED-4000/seed789/test_predictions.jsonl
mbart-fr,exp2,STRUCTURED-4000,789,structured,455,90.21,94.66,94.31,multi,54,experiments/results/rebuttal_repaired_20260502/mbart-fr/exp2/STRUCTURED-4000/seed789/test_predictions.jsonl
mbart-fr,exp2,STRUCTURED-4000,789,tatoeba,1000,0.29,8.84,7.78,multi,0,experiments/results/rebuttal_repaired_20260502/mbart-fr/exp2/STRUCTURED-4000/seed789/test_predictions.jsonl
mbart-fr,exp2,STRUCTURED-500,123,combined,1455,17.63,24.6,24.16,multi,54,experiments/results/rebuttal_repaired_20260502/mbart-fr/exp2/STRUCTURED-500/seed123/test_predictions.jsonl
mbart-fr,exp2,STRUCTURED-500,123,structured,455,70.91,81.25,80.54,multi,54,experiments/results/rebuttal_repaired_20260502/mbart-fr/exp2/STRUCTURED-500/seed123/test_predictions.jsonl
mbart-fr,exp2,STRUCTURED-500,123,tatoeba,1000,0.22,8.42,7.36,multi,0,experiments/results/rebuttal_repaired_20260502/mbart-fr/exp2/STRUCTURED-500/seed123/test_predictions.jsonl
mbart-fr,exp2,STRUCTURED-500,2024,combined,1455,18.39,25.75,25.39,multi,54,experiments/results/rebuttal_repaired_20260502/mbart-fr/exp2/STRUCTURED-500/seed2024/test_predictions.jsonl
mbart-fr,exp2,STRUCTURED-500,2024,structured,455,74.2,84.22,83.67,multi,54,experiments/results/rebuttal_repaired_20260502/mbart-fr/exp2/STRUCTURED-500/seed2024/test_predictions.jsonl
mbart-fr,exp2,STRUCTURED-500,2024,tatoeba,1000,0.17,9.11,8.16,multi,0,experiments/results/rebuttal_repaired_20260502/mbart-fr/exp2/STRUCTURED-500/seed2024/test_predictions.jsonl
mbart-fr,exp2,STRUCTURED-500,42,combined,1455,17.28,24.22,23.84,multi,54,experiments/results/rebuttal_repaired_20260502/mbart-fr/exp2/STRUCTURED-500/seed42/test_predictions.jsonl
mbart-fr,exp2,STRUCTURED-500,42,structured,455,69.92,79.73,79.16,multi,54,experiments/results/rebuttal_repaired_20260502/mbart-fr/exp2/STRUCTURED-500/seed42/test_predictions.jsonl
mbart-fr,exp2,STRUCTURED-500,42,tatoeba,1000,0.23,8.43,7.44,multi,0,experiments/results/rebuttal_repaired_20260502/mbart-fr/exp2/STRUCTURED-500/seed42/test_predictions.jsonl
mbart-fr,exp2,STRUCTURED-500,456,combined,1455,18.44,25.76,25.23,multi,54,experiments/results/rebuttal_repaired_20260502/mbart-fr/exp2/STRUCTURED-500/seed456/test_predictions.jsonl
mbart-fr,exp2,STRUCTURED-500,456,structured,455,74.9,84.36,83.68,multi,54,experiments/results/rebuttal_repaired_20260502/mbart-fr/exp2/STRUCTURED-500/seed456/test_predictions.jsonl
mbart-fr,exp2,STRUCTURED-500,456,tatoeba,1000,0.3,9.24,8.03,multi,0,experiments/results/rebuttal_repaired_20260502/mbart-fr/exp2/STRUCTURED-500/seed456/test_predictions.jsonl
mbart-fr,exp2,STRUCTURED-500,789,combined,1455,18.86,25.67,25.26,multi,54,experiments/results/rebuttal_repaired_20260502/mbart-fr/exp2/STRUCTURED-500/seed789/test_predictions.jsonl
mbart-fr,exp2,STRUCTURED-500,789,structured,455,75.41,84.41,83.89,multi,54,experiments/results/rebuttal_repaired_20260502/mbart-fr/exp2/STRUCTURED-500/seed789/test_predictions.jsonl
mbart-fr,exp2,STRUCTURED-500,789,tatoeba,1000,0.33,8.92,7.82,multi,0,experiments/results/rebuttal_repaired_20260502/mbart-fr/exp2/STRUCTURED-500/seed789/test_predictions.jsonl
nllb-600m,ablations,minimal_pairs,PAIRS-BROKEN,combined,1455,5.76,14.28,13.72,multi,54,experiments/results/rebuttal_repaired_20260502/nllb-600m/ablations/minimal_pairs/PAIRS-BROKEN/seed123/test_predictions.jsonl
nllb-600m,ablations,minimal_pairs,PAIRS-BROKEN,structured,455,18.87,31.93,31.5,multi,54,experiments/results/rebuttal_repaired_20260502/nllb-600m/ablations/minimal_pairs/PAIRS-BROKEN/seed123/test_predictions.jsonl
nllb-600m,ablations,minimal_pairs,PAIRS-BROKEN,tatoeba,1000,0.18,9.21,8.39,multi,0,experiments/results/rebuttal_repaired_20260502/nllb-600m/ablations/minimal_pairs/PAIRS-BROKEN/seed123/test_predictions.jsonl
nllb-600m,ablations,minimal_pairs,PAIRS-BROKEN,combined,1455,5.36,13.49,13.11,multi,54,experiments/results/rebuttal_repaired_20260502/nllb-600m/ablations/minimal_pairs/PAIRS-BROKEN/seed42/test_predictions.jsonl
nllb-600m,ablations,minimal_pairs,PAIRS-BROKEN,structured,455,19.11,30.61,30.52,multi,54,experiments/results/rebuttal_repaired_20260502/nllb-600m/ablations/minimal_pairs/PAIRS-BROKEN/seed42/test_predictions.jsonl
nllb-600m,ablations,minimal_pairs,PAIRS-BROKEN,tatoeba,1000,0.34,8.71,8.03,multi,0,experiments/results/rebuttal_repaired_20260502/nllb-600m/ablations/minimal_pairs/PAIRS-BROKEN/seed42/test_predictions.jsonl
nllb-600m,ablations,minimal_pairs,PAIRS-BROKEN,combined,1455,5.58,14.11,13.59,multi,54,experiments/results/rebuttal_repaired_20260502/nllb-600m/ablations/minimal_pairs/PAIRS-BROKEN/seed456/test_predictions.jsonl
nllb-600m,ablations,minimal_pairs,PAIRS-BROKEN,structured,455,18.78,31.11,30.77,multi,54,experiments/results/rebuttal_repaired_20260502/nllb-600m/ablations/minimal_pairs/PAIRS-BROKEN/seed456/test_predictions.jsonl
nllb-600m,ablations,minimal_pairs,PAIRS-BROKEN,tatoeba,1000,0.26,9.39,8.62,multi,0,experiments/results/rebuttal_repaired_20260502/nllb-600m/ablations/minimal_pairs/PAIRS-BROKEN/seed456/test_predictions.jsonl
nllb-600m,ablations,minimal_pairs,PAIRS-INTACT,combined,1455,16.74,29.28,29.13,multi,54,experiments/results/rebuttal_repaired_20260502/nllb-600m/ablations/minimal_pairs/PAIRS-INTACT/seed123/test_predictions.jsonl
nllb-600m,ablations,minimal_pairs,PAIRS-INTACT,structured,455,96.84,98.12,98.1,multi,54,experiments/results/rebuttal_repaired_20260502/nllb-600m/ablations/minimal_pairs/PAIRS-INTACT/seed123/test_predictions.jsonl
nllb-600m,ablations,minimal_pairs,PAIRS-INTACT,tatoeba,1000,0.37,11.78,11.01,multi,0,experiments/results/rebuttal_repaired_20260502/nllb-600m/ablations/minimal_pairs/PAIRS-INTACT/seed123/test_predictions.jsonl
nllb-600m,ablations,minimal_pairs,PAIRS-INTACT,combined,1455,22.22,30.79,30.72,multi,54,experiments/results/rebuttal_repaired_20260502/nllb-600m/ablations/minimal_pairs/PAIRS-INTACT/seed42/test_predictions.jsonl
nllb-600m,ablations,minimal_pairs,PAIRS-INTACT,structured,455,97.14,98.65,98.65,multi,54,experiments/results/rebuttal_repaired_20260502/nllb-600m/ablations/minimal_pairs/PAIRS-INTACT/seed42/test_predictions.jsonl
nllb-600m,ablations,minimal_pairs,PAIRS-INTACT,tatoeba,1000,0.56,12.86,12.04,multi,0,experiments/results/rebuttal_repaired_20260502/nllb-600m/ablations/minimal_pairs/PAIRS-INTACT/seed42/test_predictions.jsonl
nllb-600m,ablations,minimal_pairs,PAIRS-INTACT,combined,1455,20.7,30.54,30.41,multi,54,experiments/results/rebuttal_repaired_20260502/nllb-600m/ablations/minimal_pairs/PAIRS-INTACT/seed456/test_predictions.jsonl
nllb-600m,ablations,minimal_pairs,PAIRS-INTACT,structured,455,92.44,96.02,95.9,multi,54,experiments/results/rebuttal_repaired_20260502/nllb-600m/ablations/minimal_pairs/PAIRS-INTACT/seed456/test_predictions.jsonl
nllb-600m,ablations,minimal_pairs,PAIRS-INTACT,tatoeba,1000,0.54,13.08,12.3,multi,0,experiments/results/rebuttal_repaired_20260502/nllb-600m/ablations/minimal_pairs/PAIRS-INTACT/seed456/test_predictions.jsonl
nllb-600m,ablations,module_loo,BASE-ONLY,combined,1455,8.95,24.24,22.6,multi,54,experiments/results/rebuttal_repaired_20260502/nllb-600m/ablations/module_loo/BASE-ONLY/seed123/test_predictions.jsonl
nllb-600m,ablations,module_loo,BASE-ONLY,structured,455,39.43,67.69,64.39,multi,54,experiments/results/rebuttal_repaired_20260502/nllb-600m/ablations/module_loo/BASE-ONLY/seed123/test_predictions.jsonl
nllb-600m,ablations,module_loo,BASE-ONLY,tatoeba,1000,0.35,13.01,11.4,multi,0,experiments/results/rebuttal_repaired_20260502/nllb-600m/ablations/module_loo/BASE-ONLY/seed123/test_predictions.jsonl
nllb-600m,ablations,module_loo,BASE-ONLY,combined,1455,7.51,23.65,22.14,multi,54,experiments/results/rebuttal_repaired_20260502/nllb-600m/ablations/module_loo/BASE-ONLY/seed42/test_predictions.jsonl
nllb-600m,ablations,module_loo,BASE-ONLY,structured,455,37.85,67.44,64.01,multi,54,experiments/results/rebuttal_repaired_20260502/nllb-600m/ablations/module_loo/BASE-ONLY/seed42/test_predictions.jsonl
nllb-600m,ablations,module_loo,BASE-ONLY,tatoeba,1000,0.26,12.9,11.43,multi,0,experiments/results/rebuttal_repaired_20260502/nllb-600m/ablations/module_loo/BASE-ONLY/seed42/test_predictions.jsonl
nllb-600m,ablations,module_loo,BASE-ONLY,combined,1455,8.61,23.74,22.0,multi,54,experiments/results/rebuttal_repaired_20260502/nllb-600m/ablations/module_loo/BASE-ONLY/seed456/test_predictions.jsonl
nllb-600m,ablations,module_loo,BASE-ONLY,structured,455,37.89,67.47,64.19,multi,54,experiments/results/rebuttal_repaired_20260502/nllb-600m/ablations/module_loo/BASE-ONLY/seed456/test_predictions.jsonl
nllb-600m,ablations,module_loo,BASE-ONLY,tatoeba,1000,0.24,12.28,10.5,multi,0,experiments/results/rebuttal_repaired_20260502/nllb-600m/ablations/module_loo/BASE-ONLY/seed456/test_predictions.jsonl
nllb-600m,ablations,module_loo,FULL,combined,1455,16.74,29.28,29.13,multi,54,experiments/results/rebuttal_repaired_20260502/nllb-600m/ablations/module_loo/FULL/seed123/test_predictions.jsonl
nllb-600m,ablations,module_loo,FULL,structured,455,96.84,98.12,98.1,multi,54,experiments/results/rebuttal_repaired_20260502/nllb-600m/ablations/module_loo/FULL/seed123/test_predictions.jsonl
nllb-600m,ablations,module_loo,FULL,tatoeba,1000,0.37,11.78,11.01,multi,0,experiments/results/rebuttal_repaired_20260502/nllb-600m/ablations/module_loo/FULL/seed123/test_predictions.jsonl
nllb-600m,ablations,module_loo,FULL,combined,1455,22.22,30.79,30.72,multi,54,experiments/results/rebuttal_repaired_20260502/nllb-600m/ablations/module_loo/FULL/seed42/test_predictions.jsonl
nllb-600m,ablations,module_loo,FULL,structured,455,97.14,98.65,98.65,multi,54,experiments/results/rebuttal_repaired_20260502/nllb-600m/ablations/module_loo/FULL/seed42/test_predictions.jsonl
nllb-600m,ablations,module_loo,FULL,tatoeba,1000,0.56,12.86,12.04,multi,0,experiments/results/rebuttal_repaired_20260502/nllb-600m/ablations/module_loo/FULL/seed42/test_predictions.jsonl
nllb-600m,ablations,module_loo,FULL,combined,1455,20.7,30.54,30.41,multi,54,experiments/results/rebuttal_repaired_20260502/nllb-600m/ablations/module_loo/FULL/seed456/test_predictions.jsonl
nllb-600m,ablations,module_loo,FULL,structured,455,92.44,96.02,95.9,multi,54,experiments/results/rebuttal_repaired_20260502/nllb-600m/ablations/module_loo/FULL/seed456/test_predictions.jsonl
nllb-600m,ablations,module_loo,FULL,tatoeba,1000,0.54,13.08,12.3,multi,0,experiments/results/rebuttal_repaired_20260502/nllb-600m/ablations/module_loo/FULL/seed456/test_predictions.jsonl
nllb-600m,ablations,module_loo,NO-FUTURE,combined,1455,18.54,28.23,27.81,multi,54,experiments/results/rebuttal_repaired_20260502/nllb-600m/ablations/module_loo/NO-FUTURE/seed123/test_predictions.jsonl
nllb-600m,ablations,module_loo,NO-FUTURE,structured,455,76.86,86.08,85.03,multi,54,experiments/results/rebuttal_repaired_20260502/nllb-600m/ablations/module_loo/NO-FUTURE/seed123/test_predictions.jsonl
nllb-600m,ablations,module_loo,NO-FUTURE,tatoeba,1000,0.57,12.63,11.82,multi,0,experiments/results/rebuttal_repaired_20260502/nllb-600m/ablations/module_loo/NO-FUTURE/seed123/test_predictions.jsonl
nllb-600m,ablations,module_loo,NO-FUTURE,combined,1455,17.26,27.45,27.05,multi,54,experiments/results/rebuttal_repaired_20260502/nllb-600m/ablations/module_loo/NO-FUTURE/seed42/test_predictions.jsonl
nllb-600m,ablations,module_loo,NO-FUTURE,structured,455,77.32,86.42,85.35,multi,54,experiments/results/rebuttal_repaired_20260502/nllb-600m/ablations/module_loo/NO-FUTURE/seed42/test_predictions.jsonl
nllb-600m,ablations,module_loo,NO-FUTURE,tatoeba,1000,0.63,12.09,11.26,multi,0,experiments/results/rebuttal_repaired_20260502/nllb-600m/ablations/module_loo/NO-FUTURE/seed42/test_predictions.jsonl
nllb-600m,ablations,module_loo,NO-FUTURE,combined,1455,18.75,27.95,27.65,multi,54,experiments/results/rebuttal_repaired_20260502/nllb-600m/ablations/module_loo/NO-FUTURE/seed456/test_predictions.jsonl
nllb-600m,ablations,module_loo,NO-FUTURE,structured,455,77.37,86.33,85.22,multi,54,experiments/results/rebuttal_repaired_20260502/nllb-600m/ablations/module_loo/NO-FUTURE/seed456/test_predictions.jsonl
nllb-600m,ablations,module_loo,NO-FUTURE,tatoeba,1000,0.56,12.23,11.59,multi,0,experiments/results/rebuttal_repaired_20260502/nllb-600m/ablations/module_loo/NO-FUTURE/seed456/test_predictions.jsonl
nllb-600m,ablations,module_loo,NO-NEGATION,combined,1455,21.12,29.73,29.46,multi,54,experiments/results/rebuttal_repaired_20260502/nllb-600m/ablations/module_loo/NO-NEGATION/seed123/test_predictions.jsonl
nllb-600m,ablations,module_loo,NO-NEGATION,structured,455,86.38,92.19,91.69,multi,54,experiments/results/rebuttal_repaired_20260502/nllb-600m/ablations/module_loo/NO-NEGATION/seed123/test_predictions.jsonl
nllb-600m,ablations,module_loo,NO-NEGATION,tatoeba,1000,0.54,12.67,11.83,multi,0,experiments/results/rebuttal_repaired_20260502/nllb-600m/ablations/module_loo/NO-NEGATION/seed123/test_predictions.jsonl
nllb-600m,ablations,module_loo,NO-NEGATION,combined,1455,12.39,27.5,27.04,multi,54,experiments/results/rebuttal_repaired_20260502/nllb-600m/ablations/module_loo/NO-NEGATION/seed42/test_predictions.jsonl
nllb-600m,ablations,module_loo,NO-NEGATION,structured,455,81.64,89.9,89.04,multi,54,experiments/results/rebuttal_repaired_20260502/nllb-600m/ablations/module_loo/NO-NEGATION/seed42/test_predictions.jsonl
nllb-600m,ablations,module_loo,NO-NEGATION,tatoeba,1000,0.33,12.41,11.54,multi,0,experiments/results/rebuttal_repaired_20260502/nllb-600m/ablations/module_loo/NO-NEGATION/seed42/test_predictions.jsonl
nllb-600m,ablations,module_loo,NO-NEGATION,combined,1455,16.86,28.48,28.19,multi,54,experiments/results/rebuttal_repaired_20260502/nllb-600m/ablations/module_loo/NO-NEGATION/seed456/test_predictions.jsonl
nllb-600m,ablations,module_loo,NO-NEGATION,structured,455,84.71,90.36,89.88,multi,54,experiments/results/rebuttal_repaired_20260502/nllb-600m/ablations/module_loo/NO-NEGATION/seed456/test_predictions.jsonl
nllb-600m,ablations,module_loo,NO-NEGATION,tatoeba,1000,0.56,12.42,11.62,multi,0,experiments/results/rebuttal_repaired_20260502/nllb-600m/ablations/module_loo/NO-NEGATION/seed456/test_predictions.jsonl
nllb-600m,ablations,module_loo,NO-PAST,combined,1455,20.7,28.64,28.57,multi,54,experiments/results/rebuttal_repaired_20260502/nllb-600m/ablations/module_loo/NO-PAST/seed123/test_predictions.jsonl
nllb-600m,ablations,module_loo,NO-PAST,structured,455,86.92,90.57,90.32,multi,54,experiments/results/rebuttal_repaired_20260502/nllb-600m/ablations/module_loo/NO-PAST/seed123/test_predictions.jsonl
nllb-600m,ablations,module_loo,NO-PAST,tatoeba,1000,0.58,12.35,11.64,multi,0,experiments/results/rebuttal_repaired_20260502/nllb-600m/ablations/module_loo/NO-PAST/seed123/test_predictions.jsonl
nllb-600m,ablations,module_loo,NO-PAST,combined,1455,19.99,28.98,28.75,multi,54,experiments/results/rebuttal_repaired_20260502/nllb-600m/ablations/module_loo/NO-PAST/seed42/test_predictions.jsonl
nllb-600m,ablations,module_loo,NO-PAST,structured,455,87.59,91.34,91.04,multi,54,experiments/results/rebuttal_repaired_20260502/nllb-600m/ablations/module_loo/NO-PAST/seed42/test_predictions.jsonl
nllb-600m,ablations,module_loo,NO-PAST,tatoeba,1000,0.52,12.61,11.72,multi,0,experiments/results/rebuttal_repaired_20260502/nllb-600m/ablations/module_loo/NO-PAST/seed42/test_predictions.jsonl
nllb-600m,ablations,module_loo,NO-PAST,combined,1455,20.99,29.05,28.77,multi,54,experiments/results/rebuttal_repaired_20260502/nllb-600m/ablations/module_loo/NO-PAST/seed456/test_predictions.jsonl
nllb-600m,ablations,module_loo,NO-PAST,structured,455,87.72,91.5,91.15,multi,54,experiments/results/rebuttal_repaired_20260502/nllb-600m/ablations/module_loo/NO-PAST/seed456/test_predictions.jsonl
nllb-600m,ablations,module_loo,NO-PAST,tatoeba,1000,0.62,12.38,11.46,multi,0,experiments/results/rebuttal_repaired_20260502/nllb-600m/ablations/module_loo/NO-PAST/seed456/test_predictions.jsonl
nllb-600m,ablations,module_loo,NO-QUESTIONS,combined,1455,20.48,29.04,28.08,multi,54,experiments/results/rebuttal_repaired_20260502/nllb-600m/ablations/module_loo/NO-QUESTIONS/seed123/test_predictions.jsonl
nllb-600m,ablations,module_loo,NO-QUESTIONS,structured,455,86.61,93.26,92.27,multi,54,experiments/results/rebuttal_repaired_20260502/nllb-600m/ablations/module_loo/NO-QUESTIONS/seed123/test_predictions.jsonl
nllb-600m,ablations,module_loo,NO-QUESTIONS,tatoeba,1000,0.23,11.29,9.62,multi,0,experiments/results/rebuttal_repaired_20260502/nllb-600m/ablations/module_loo/NO-QUESTIONS/seed123/test_predictions.jsonl
nllb-600m,ablations,module_loo,NO-QUESTIONS,combined,1455,20.07,28.6,27.77,multi,54,experiments/results/rebuttal_repaired_20260502/nllb-600m/ablations/module_loo/NO-QUESTIONS/seed42/test_predictions.jsonl
nllb-600m,ablations,module_loo,NO-QUESTIONS,structured,455,83.05,91.92,91.05,multi,54,experiments/results/rebuttal_repaired_20260502/nllb-600m/ablations/module_loo/NO-QUESTIONS/seed42/test_predictions.jsonl
nllb-600m,ablations,module_loo,NO-QUESTIONS,tatoeba,1000,0.19,11.59,9.93,multi,0,experiments/results/rebuttal_repaired_20260502/nllb-600m/ablations/module_loo/NO-QUESTIONS/seed42/test_predictions.jsonl
nllb-600m,ablations,module_loo,NO-QUESTIONS,combined,1455,20.25,29.13,28.22,multi,54,experiments/results/rebuttal_repaired_20260502/nllb-600m/ablations/module_loo/NO-QUESTIONS/seed456/test_predictions.jsonl
nllb-600m,ablations,module_loo,NO-QUESTIONS,structured,455,85.95,92.94,91.92,multi,54,experiments/results/rebuttal_repaired_20260502/nllb-600m/ablations/module_loo/NO-QUESTIONS/seed456/test_predictions.jsonl
nllb-600m,ablations,module_loo,NO-QUESTIONS,tatoeba,1000,0.27,11.8,10.17,multi,0,experiments/results/rebuttal_repaired_20260502/nllb-600m/ablations/module_loo/NO-QUESTIONS/seed456/test_predictions.jsonl
nllb-600m,ablations,module_size_ctrl,BASE-1K,combined,1455,8.82,23.59,21.96,multi,54,experiments/results/rebuttal_repaired_20260502/nllb-600m/ablations/module_size_ctrl/BASE-1K/seed123/test_predictions.jsonl
nllb-600m,ablations,module_size_ctrl,BASE-1K,structured,455,39.39,67.33,64.54,multi,54,experiments/results/rebuttal_repaired_20260502/nllb-600m/ablations/module_size_ctrl/BASE-1K/seed123/test_predictions.jsonl
nllb-600m,ablations,module_size_ctrl,BASE-1K,tatoeba,1000,0.25,12.3,10.54,multi,0,experiments/results/rebuttal_repaired_20260502/nllb-600m/ablations/module_size_ctrl/BASE-1K/seed123/test_predictions.jsonl
nllb-600m,ablations,module_size_ctrl,BASE-1K,combined,1455,8.81,24.03,22.45,multi,54,experiments/results/rebuttal_repaired_20260502/nllb-600m/ablations/module_size_ctrl/BASE-1K/seed42/test_predictions.jsonl
nllb-600m,ablations,module_size_ctrl,BASE-1K,structured,455,37.84,66.29,63.37,multi,54,experiments/results/rebuttal_repaired_20260502/nllb-600m/ablations/module_size_ctrl/BASE-1K/seed42/test_predictions.jsonl
nllb-600m,ablations,module_size_ctrl,BASE-1K,tatoeba,1000,0.27,12.7,11.05,multi,0,experiments/results/rebuttal_repaired_20260502/nllb-600m/ablations/module_size_ctrl/BASE-1K/seed42/test_predictions.jsonl
nllb-600m,ablations,module_size_ctrl,BASE-1K,combined,1455,8.73,23.45,21.89,multi,54,experiments/results/rebuttal_repaired_20260502/nllb-600m/ablations/module_size_ctrl/BASE-1K/seed456/test_predictions.jsonl
nllb-600m,ablations,module_size_ctrl,BASE-1K,structured,455,39.66,68.02,64.82,multi,54,experiments/results/rebuttal_repaired_20260502/nllb-600m/ablations/module_size_ctrl/BASE-1K/seed456/test_predictions.jsonl
nllb-600m,ablations,module_size_ctrl,BASE-1K,tatoeba,1000,0.24,12.13,10.52,multi,0,experiments/results/rebuttal_repaired_20260502/nllb-600m/ablations/module_size_ctrl/BASE-1K/seed456/test_predictions.jsonl
nllb-600m,ablations,module_size_ctrl,FULL-1K,combined,1455,20.43,30.41,30.27,multi,54,experiments/results/rebuttal_repaired_20260502/nllb-600m/ablations/module_size_ctrl/FULL-1K/seed123/test_predictions.jsonl
nllb-600m,ablations,module_size_ctrl,FULL-1K,structured,455,93.3,96.28,96.07,multi,54,experiments/results/rebuttal_repaired_20260502/nllb-600m/ablations/module_size_ctrl/FULL-1K/seed123/test_predictions.jsonl
nllb-600m,ablations,module_size_ctrl,FULL-1K,tatoeba,1000,0.5,13.17,12.36,multi,0,experiments/results/rebuttal_repaired_20260502/nllb-600m/ablations/module_size_ctrl/FULL-1K/seed123/test_predictions.jsonl
nllb-600m,ablations,module_size_ctrl,FULL-1K,combined,1455,22.08,30.4,30.38,multi,54,experiments/results/rebuttal_repaired_20260502/nllb-600m/ablations/module_size_ctrl/FULL-1K/seed42/test_predictions.jsonl
nllb-600m,ablations,module_size_ctrl,FULL-1K,structured,455,93.13,96.15,95.94,multi,54,experiments/results/rebuttal_repaired_20260502/nllb-600m/ablations/module_size_ctrl/FULL-1K/seed42/test_predictions.jsonl
nllb-600m,ablations,module_size_ctrl,FULL-1K,tatoeba,1000,0.61,12.95,12.28,multi,0,experiments/results/rebuttal_repaired_20260502/nllb-600m/ablations/module_size_ctrl/FULL-1K/seed42/test_predictions.jsonl
nllb-600m,ablations,module_size_ctrl,FULL-1K,combined,1455,21.67,30.5,30.43,multi,54,experiments/results/rebuttal_repaired_20260502/nllb-600m/ablations/module_size_ctrl/FULL-1K/seed456/test_predictions.jsonl
nllb-600m,ablations,module_size_ctrl,FULL-1K,structured,455,93.06,96.03,95.8,multi,54,experiments/results/rebuttal_repaired_20260502/nllb-600m/ablations/module_size_ctrl/FULL-1K/seed456/test_predictions.jsonl
nllb-600m,ablations,module_size_ctrl,FULL-1K,tatoeba,1000,0.63,13.29,12.56,multi,0,experiments/results/rebuttal_repaired_20260502/nllb-600m/ablations/module_size_ctrl/FULL-1K/seed456/test_predictions.jsonl
nllb-600m,ablations,module_size_ctrl,NO-FUT-1K,combined,1455,15.39,27.75,27.32,multi,54,experiments/results/rebuttal_repaired_20260502/nllb-600m/ablations/module_size_ctrl/NO-FUT-1K/seed123/test_predictions.jsonl
nllb-600m,ablations,module_size_ctrl,NO-FUT-1K,structured,455,74.97,85.79,84.7,multi,54,experiments/results/rebuttal_repaired_20260502/nllb-600m/ablations/module_size_ctrl/NO-FUT-1K/seed123/test_predictions.jsonl
nllb-600m,ablations,module_size_ctrl,NO-FUT-1K,tatoeba,1000,0.51,12.74,11.96,multi,0,experiments/results/rebuttal_repaired_20260502/nllb-600m/ablations/module_size_ctrl/NO-FUT-1K/seed123/test_predictions.jsonl
nllb-600m,ablations,module_size_ctrl,NO-FUT-1K,combined,1455,17.64,28.51,28.04,multi,54,experiments/results/rebuttal_repaired_20260502/nllb-600m/ablations/module_size_ctrl/NO-FUT-1K/seed42/test_predictions.jsonl
nllb-600m,ablations,module_size_ctrl,NO-FUT-1K,structured,455,75.04,85.85,84.72,multi,54,experiments/results/rebuttal_repaired_20260502/nllb-600m/ablations/module_size_ctrl/NO-FUT-1K/seed42/test_predictions.jsonl
nllb-600m,ablations,module_size_ctrl,NO-FUT-1K,tatoeba,1000,0.59,13.33,12.48,multi,0,experiments/results/rebuttal_repaired_20260502/nllb-600m/ablations/module_size_ctrl/NO-FUT-1K/seed42/test_predictions.jsonl
nllb-600m,ablations,module_size_ctrl,NO-FUT-1K,combined,1455,14.92,27.75,27.16,multi,54,experiments/results/rebuttal_repaired_20260502/nllb-600m/ablations/module_size_ctrl/NO-FUT-1K/seed456/test_predictions.jsonl
nllb-600m,ablations,module_size_ctrl,NO-FUT-1K,structured,455,75.54,86.48,85.28,multi,54,experiments/results/rebuttal_repaired_20260502/nllb-600m/ablations/module_size_ctrl/NO-FUT-1K/seed456/test_predictions.jsonl
nllb-600m,ablations,module_size_ctrl,NO-FUT-1K,tatoeba,1000,0.44,12.85,11.87,multi,0,experiments/results/rebuttal_repaired_20260502/nllb-600m/ablations/module_size_ctrl/NO-FUT-1K/seed456/test_predictions.jsonl
nllb-600m,ablations,module_size_ctrl,NO-NEG-1K,combined,1455,15.64,28.52,28.04,multi,54,experiments/results/rebuttal_repaired_20260502/nllb-600m/ablations/module_size_ctrl/NO-NEG-1K/seed123/test_predictions.jsonl
nllb-600m,ablations,module_size_ctrl,NO-NEG-1K,structured,455,79.49,88.8,88.1,multi,54,experiments/results/rebuttal_repaired_20260502/nllb-600m/ablations/module_size_ctrl/NO-NEG-1K/seed123/test_predictions.jsonl
nllb-600m,ablations,module_size_ctrl,NO-NEG-1K,tatoeba,1000,0.38,12.81,11.84,multi,0,experiments/results/rebuttal_repaired_20260502/nllb-600m/ablations/module_size_ctrl/NO-NEG-1K/seed123/test_predictions.jsonl
nllb-600m,ablations,module_size_ctrl,NO-NEG-1K,combined,1455,16.84,29.0,28.49,multi,54,experiments/results/rebuttal_repaired_20260502/nllb-600m/ablations/module_size_ctrl/NO-NEG-1K/seed42/test_predictions.jsonl
nllb-600m,ablations,module_size_ctrl,NO-NEG-1K,structured,455,82.31,89.97,89.34,multi,54,experiments/results/rebuttal_repaired_20260502/nllb-600m/ablations/module_size_ctrl/NO-NEG-1K/seed42/test_predictions.jsonl
nllb-600m,ablations,module_size_ctrl,NO-NEG-1K,tatoeba,1000,0.57,13.08,12.04,multi,0,experiments/results/rebuttal_repaired_20260502/nllb-600m/ablations/module_size_ctrl/NO-NEG-1K/seed42/test_predictions.jsonl
nllb-600m,ablations,module_size_ctrl,NO-NEG-1K,combined,1455,19.97,28.96,28.66,multi,54,experiments/results/rebuttal_repaired_20260502/nllb-600m/ablations/module_size_ctrl/NO-NEG-1K/seed456/test_predictions.jsonl
nllb-600m,ablations,module_size_ctrl,NO-NEG-1K,structured,455,82.36,89.8,89.28,multi,54,experiments/results/rebuttal_repaired_20260502/nllb-600m/ablations/module_size_ctrl/NO-NEG-1K/seed456/test_predictions.jsonl
nllb-600m,ablations,module_size_ctrl,NO-NEG-1K,tatoeba,1000,0.65,12.9,11.97,multi,0,experiments/results/rebuttal_repaired_20260502/nllb-600m/ablations/module_size_ctrl/NO-NEG-1K/seed456/test_predictions.jsonl
nllb-600m,ablations,module_size_ctrl,NO-PAST-1K,combined,1455,18.8,28.63,28.42,multi,54,experiments/results/rebuttal_repaired_20260502/nllb-600m/ablations/module_size_ctrl/NO-PAST-1K/seed123/test_predictions.jsonl
nllb-600m,ablations,module_size_ctrl,NO-PAST-1K,structured,455,83.98,89.55,89.04,multi,54,experiments/results/rebuttal_repaired_20260502/nllb-600m/ablations/module_size_ctrl/NO-PAST-1K/seed123/test_predictions.jsonl
nllb-600m,ablations,module_size_ctrl,NO-PAST-1K,tatoeba,1000,0.54,12.89,12.09,multi,0,experiments/results/rebuttal_repaired_20260502/nllb-600m/ablations/module_size_ctrl/NO-PAST-1K/seed123/test_predictions.jsonl
nllb-600m,ablations,module_size_ctrl,NO-PAST-1K,combined,1455,19.87,29.2,28.94,multi,54,experiments/results/rebuttal_repaired_20260502/nllb-600m/ablations/module_size_ctrl/NO-PAST-1K/seed42/test_predictions.jsonl
nllb-600m,ablations,module_size_ctrl,NO-PAST-1K,structured,455,84.89,89.97,89.49,multi,54,experiments/results/rebuttal_repaired_20260502/nllb-600m/ablations/module_size_ctrl/NO-PAST-1K/seed42/test_predictions.jsonl
nllb-600m,ablations,module_size_ctrl,NO-PAST-1K,tatoeba,1000,0.66,13.09,12.27,multi,0,experiments/results/rebuttal_repaired_20260502/nllb-600m/ablations/module_size_ctrl/NO-PAST-1K/seed42/test_predictions.jsonl
nllb-600m,ablations,module_size_ctrl,NO-PAST-1K,combined,1455,20.03,28.72,28.21,multi,54,experiments/results/rebuttal_repaired_20260502/nllb-600m/ablations/module_size_ctrl/NO-PAST-1K/seed456/test_predictions.jsonl
nllb-600m,ablations,module_size_ctrl,NO-PAST-1K,structured,455,81.82,88.57,88.13,multi,54,experiments/results/rebuttal_repaired_20260502/nllb-600m/ablations/module_size_ctrl/NO-PAST-1K/seed456/test_predictions.jsonl
nllb-600m,ablations,module_size_ctrl,NO-PAST-1K,tatoeba,1000,0.51,12.76,11.47,multi,0,experiments/results/rebuttal_repaired_20260502/nllb-600m/ablations/module_size_ctrl/NO-PAST-1K/seed456/test_predictions.jsonl
nllb-600m,ablations,module_size_ctrl,NO-QUEST-1K,combined,1455,19.32,28.86,28.11,multi,54,experiments/results/rebuttal_repaired_20260502/nllb-600m/ablations/module_size_ctrl/NO-QUEST-1K/seed123/test_predictions.jsonl
nllb-600m,ablations,module_size_ctrl,NO-QUEST-1K,structured,455,82.56,91.28,90.08,multi,54,experiments/results/rebuttal_repaired_20260502/nllb-600m/ablations/module_size_ctrl/NO-QUEST-1K/seed123/test_predictions.jsonl
nllb-600m,ablations,module_size_ctrl,NO-QUEST-1K,tatoeba,1000,0.34,12.41,11.08,multi,0,experiments/results/rebuttal_repaired_20260502/nllb-600m/ablations/module_size_ctrl/NO-QUEST-1K/seed123/test_predictions.jsonl
nllb-600m,ablations,module_size_ctrl,NO-QUEST-1K,combined,1455,14.38,28.06,27.22,multi,54,experiments/results/rebuttal_repaired_20260502/nllb-600m/ablations/module_size_ctrl/NO-QUEST-1K/seed42/test_predictions.jsonl
nllb-600m,ablations,module_size_ctrl,NO-QUEST-1K,structured,455,77.75,88.8,87.29,multi,54,experiments/results/rebuttal_repaired_20260502/nllb-600m/ablations/module_size_ctrl/NO-QUEST-1K/seed42/test_predictions.jsonl
nllb-600m,ablations,module_size_ctrl,NO-QUEST-1K,tatoeba,1000,0.34,13.1,11.79,multi,0,experiments/results/rebuttal_repaired_20260502/nllb-600m/ablations/module_size_ctrl/NO-QUEST-1K/seed42/test_predictions.jsonl
nllb-600m,ablations,module_size_ctrl,NO-QUEST-1K,combined,1455,20.07,29.59,28.89,multi,54,experiments/results/rebuttal_repaired_20260502/nllb-600m/ablations/module_size_ctrl/NO-QUEST-1K/seed456/test_predictions.jsonl
nllb-600m,ablations,module_size_ctrl,NO-QUEST-1K,structured,455,82.18,91.45,90.21,multi,54,experiments/results/rebuttal_repaired_20260502/nllb-600m/ablations/module_size_ctrl/NO-QUEST-1K/seed456/test_predictions.jsonl
nllb-600m,ablations,module_size_ctrl,NO-QUEST-1K,tatoeba,1000,0.36,12.62,11.41,multi,0,experiments/results/rebuttal_repaired_20260502/nllb-600m/ablations/module_size_ctrl/NO-QUEST-1K/seed456/test_predictions.jsonl
nllb-600m,ablations,pronoun,ALL-8,combined,1455,16.74,29.28,29.13,multi,54,experiments/results/rebuttal_repaired_20260502/nllb-600m/ablations/pronoun/ALL-8/seed123/test_predictions.jsonl
nllb-600m,ablations,pronoun,ALL-8,structured,455,96.84,98.12,98.1,multi,54,experiments/results/rebuttal_repaired_20260502/nllb-600m/ablations/pronoun/ALL-8/seed123/test_predictions.jsonl
nllb-600m,ablations,pronoun,ALL-8,tatoeba,1000,0.37,11.78,11.01,multi,0,experiments/results/rebuttal_repaired_20260502/nllb-600m/ablations/pronoun/ALL-8/seed123/test_predictions.jsonl
nllb-600m,ablations,pronoun,ALL-8,combined,1455,22.22,30.79,30.72,multi,54,experiments/results/rebuttal_repaired_20260502/nllb-600m/ablations/pronoun/ALL-8/seed42/test_predictions.jsonl
nllb-600m,ablations,pronoun,ALL-8,structured,455,97.14,98.65,98.65,multi,54,experiments/results/rebuttal_repaired_20260502/nllb-600m/ablations/pronoun/ALL-8/seed42/test_predictions.jsonl
nllb-600m,ablations,pronoun,ALL-8,tatoeba,1000,0.56,12.86,12.04,multi,0,experiments/results/rebuttal_repaired_20260502/nllb-600m/ablations/pronoun/ALL-8/seed42/test_predictions.jsonl
nllb-600m,ablations,pronoun,ALL-8,combined,1455,20.7,30.54,30.41,multi,54,experiments/results/rebuttal_repaired_20260502/nllb-600m/ablations/pronoun/ALL-8/seed456/test_predictions.jsonl
nllb-600m,ablations,pronoun,ALL-8,structured,455,92.44,96.02,95.9,multi,54,experiments/results/rebuttal_repaired_20260502/nllb-600m/ablations/pronoun/ALL-8/seed456/test_predictions.jsonl
nllb-600m,ablations,pronoun,ALL-8,tatoeba,1000,0.54,13.08,12.3,multi,0,experiments/results/rebuttal_repaired_20260502/nllb-600m/ablations/pronoun/ALL-8/seed456/test_predictions.jsonl
nllb-600m,ablations,pronoun,MINIMAL-1,combined,1455,6.47,21.62,20.82,multi,54,experiments/results/rebuttal_repaired_20260502/nllb-600m/ablations/pronoun/MINIMAL-1/seed123/test_predictions.jsonl
nllb-600m,ablations,pronoun,MINIMAL-1,structured,455,43.71,65.0,63.08,multi,54,experiments/results/rebuttal_repaired_20260502/nllb-600m/ablations/pronoun/MINIMAL-1/seed123/test_predictions.jsonl
nllb-600m,ablations,pronoun,MINIMAL-1,tatoeba,1000,0.27,11.48,10.58,multi,0,experiments/results/rebuttal_repaired_20260502/nllb-600m/ablations/pronoun/MINIMAL-1/seed123/test_predictions.jsonl
nllb-600m,ablations,pronoun,MINIMAL-1,combined,1455,9.15,23.45,22.59,multi,54,experiments/results/rebuttal_repaired_20260502/nllb-600m/ablations/pronoun/MINIMAL-1/seed42/test_predictions.jsonl
nllb-600m,ablations,pronoun,MINIMAL-1,structured,455,45.61,67.85,65.89,multi,54,experiments/results/rebuttal_repaired_20260502/nllb-600m/ablations/pronoun/MINIMAL-1/seed42/test_predictions.jsonl
nllb-600m,ablations,pronoun,MINIMAL-1,tatoeba,1000,0.47,12.24,11.24,multi,0,experiments/results/rebuttal_repaired_20260502/nllb-600m/ablations/pronoun/MINIMAL-1/seed42/test_predictions.jsonl
nllb-600m,ablations,pronoun,MINIMAL-1,combined,1455,8.53,22.4,21.57,multi,54,experiments/results/rebuttal_repaired_20260502/nllb-600m/ablations/pronoun/MINIMAL-1/seed456/test_predictions.jsonl
nllb-600m,ablations,pronoun,MINIMAL-1,structured,455,42.19,64.35,62.35,multi,54,experiments/results/rebuttal_repaired_20260502/nllb-600m/ablations/pronoun/MINIMAL-1/seed456/test_predictions.jsonl
nllb-600m,ablations,pronoun,MINIMAL-1,tatoeba,1000,0.35,12.09,11.11,multi,0,experiments/results/rebuttal_repaired_20260502/nllb-600m/ablations/pronoun/MINIMAL-1/seed456/test_predictions.jsonl
nllb-600m,ablations,pronoun,REDUCED-4,combined,1455,17.21,29.74,29.53,multi,54,experiments/results/rebuttal_repaired_20260502/nllb-600m/ablations/pronoun/REDUCED-4/seed123/test_predictions.jsonl
nllb-600m,ablations,pronoun,REDUCED-4,structured,455,91.59,95.46,95.17,multi,54,experiments/results/rebuttal_repaired_20260502/nllb-600m/ablations/pronoun/REDUCED-4/seed123/test_predictions.jsonl
nllb-600m,ablations,pronoun,REDUCED-4,tatoeba,1000,0.45,13.02,12.2,multi,0,experiments/results/rebuttal_repaired_20260502/nllb-600m/ablations/pronoun/REDUCED-4/seed123/test_predictions.jsonl
nllb-600m,ablations,pronoun,REDUCED-4,combined,1455,22.38,30.57,30.29,multi,54,experiments/results/rebuttal_repaired_20260502/nllb-600m/ablations/pronoun/REDUCED-4/seed42/test_predictions.jsonl
nllb-600m,ablations,pronoun,REDUCED-4,structured,455,91.25,95.45,95.21,multi,54,experiments/results/rebuttal_repaired_20260502/nllb-600m/ablations/pronoun/REDUCED-4/seed42/test_predictions.jsonl
nllb-600m,ablations,pronoun,REDUCED-4,tatoeba,1000,0.58,13.14,12.11,multi,0,experiments/results/rebuttal_repaired_20260502/nllb-600m/ablations/pronoun/REDUCED-4/seed42/test_predictions.jsonl
nllb-600m,ablations,pronoun,REDUCED-4,combined,1455,18.19,29.42,29.28,multi,54,experiments/results/rebuttal_repaired_20260502/nllb-600m/ablations/pronoun/REDUCED-4/seed456/test_predictions.jsonl
nllb-600m,ablations,pronoun,REDUCED-4,structured,455,90.66,95.27,95.06,multi,54,experiments/results/rebuttal_repaired_20260502/nllb-600m/ablations/pronoun/REDUCED-4/seed456/test_predictions.jsonl
nllb-600m,ablations,pronoun,REDUCED-4,tatoeba,1000,0.47,12.42,11.65,multi,0,experiments/results/rebuttal_repaired_20260502/nllb-600m/ablations/pronoun/REDUCED-4/seed456/test_predictions.jsonl
nllb-600m,ablations,pronoun,SINGULAR-3,combined,1455,20.03,28.93,28.51,multi,54,experiments/results/rebuttal_repaired_20260502/nllb-600m/ablations/pronoun/SINGULAR-3/seed123/test_predictions.jsonl
nllb-600m,ablations,pronoun,SINGULAR-3,structured,455,83.18,90.33,89.82,multi,54,experiments/results/rebuttal_repaired_20260502/nllb-600m/ablations/pronoun/SINGULAR-3/seed123/test_predictions.jsonl
nllb-600m,ablations,pronoun,SINGULAR-3,tatoeba,1000,0.57,12.9,11.74,multi,0,experiments/results/rebuttal_repaired_20260502/nllb-600m/ablations/pronoun/SINGULAR-3/seed123/test_predictions.jsonl
nllb-600m,ablations,pronoun,SINGULAR-3,combined,1455,17.56,29.01,28.67,multi,54,experiments/results/rebuttal_repaired_20260502/nllb-600m/ablations/pronoun/SINGULAR-3/seed42/test_predictions.jsonl
nllb-600m,ablations,pronoun,SINGULAR-3,structured,455,85.12,91.52,91.04,multi,54,experiments/results/rebuttal_repaired_20260502/nllb-600m/ablations/pronoun/SINGULAR-3/seed42/test_predictions.jsonl
nllb-600m,ablations,pronoun,SINGULAR-3,tatoeba,1000,0.48,13.12,12.14,multi,0,experiments/results/rebuttal_repaired_20260502/nllb-600m/ablations/pronoun/SINGULAR-3/seed42/test_predictions.jsonl
nllb-600m,ablations,pronoun,SINGULAR-3,combined,1455,18.74,29.32,29.05,multi,54,experiments/results/rebuttal_repaired_20260502/nllb-600m/ablations/pronoun/SINGULAR-3/seed456/test_predictions.jsonl
nllb-600m,ablations,pronoun,SINGULAR-3,structured,455,84.77,91.22,90.77,multi,54,experiments/results/rebuttal_repaired_20260502/nllb-600m/ablations/pronoun/SINGULAR-3/seed456/test_predictions.jsonl
nllb-600m,ablations,pronoun,SINGULAR-3,tatoeba,1000,0.56,13.18,12.32,multi,0,experiments/results/rebuttal_repaired_20260502/nllb-600m/ablations/pronoun/SINGULAR-3/seed456/test_predictions.jsonl
nllb-600m,ablations,verb,1-VERB,combined,1455,4.45,15.74,14.93,multi,54,experiments/results/rebuttal_repaired_20260502/nllb-600m/ablations/verb/1-VERB/seed123/test_predictions.jsonl
nllb-600m,ablations,verb,1-VERB,structured,455,16.11,26.19,26.61,multi,54,experiments/results/rebuttal_repaired_20260502/nllb-600m/ablations/verb/1-VERB/seed123/test_predictions.jsonl
nllb-600m,ablations,verb,1-VERB,tatoeba,1000,0.42,13.08,11.74,multi,0,experiments/results/rebuttal_repaired_20260502/nllb-600m/ablations/verb/1-VERB/seed123/test_predictions.jsonl
nllb-600m,ablations,verb,1-VERB,combined,1455,4.56,15.84,15.02,multi,54,experiments/results/rebuttal_repaired_20260502/nllb-600m/ablations/verb/1-VERB/seed42/test_predictions.jsonl
nllb-600m,ablations,verb,1-VERB,structured,455,16.87,26.7,27.0,multi,54,experiments/results/rebuttal_repaired_20260502/nllb-600m/ablations/verb/1-VERB/seed42/test_predictions.jsonl
nllb-600m,ablations,verb,1-VERB,tatoeba,1000,0.43,13.07,11.76,multi,0,experiments/results/rebuttal_repaired_20260502/nllb-600m/ablations/verb/1-VERB/seed42/test_predictions.jsonl
nllb-600m,ablations,verb,1-VERB,combined,1455,4.62,15.94,15.09,multi,54,experiments/results/rebuttal_repaired_20260502/nllb-600m/ablations/verb/1-VERB/seed456/test_predictions.jsonl
nllb-600m,ablations,verb,1-VERB,structured,455,15.92,26.6,26.89,multi,54,experiments/results/rebuttal_repaired_20260502/nllb-600m/ablations/verb/1-VERB/seed456/test_predictions.jsonl
nllb-600m,ablations,verb,1-VERB,tatoeba,1000,0.54,13.2,11.84,multi,0,experiments/results/rebuttal_repaired_20260502/nllb-600m/ablations/verb/1-VERB/seed456/test_predictions.jsonl
nllb-600m,ablations,verb,10-VERBS,combined,1455,16.74,29.28,29.13,multi,54,experiments/results/rebuttal_repaired_20260502/nllb-600m/ablations/verb/10-VERBS/seed123/test_predictions.jsonl
nllb-600m,ablations,verb,10-VERBS,structured,455,96.84,98.12,98.1,multi,54,experiments/results/rebuttal_repaired_20260502/nllb-600m/ablations/verb/10-VERBS/seed123/test_predictions.jsonl
nllb-600m,ablations,verb,10-VERBS,tatoeba,1000,0.37,11.78,11.01,multi,0,experiments/results/rebuttal_repaired_20260502/nllb-600m/ablations/verb/10-VERBS/seed123/test_predictions.jsonl
nllb-600m,ablations,verb,10-VERBS,combined,1455,22.22,30.79,30.72,multi,54,experiments/results/rebuttal_repaired_20260502/nllb-600m/ablations/verb/10-VERBS/seed42/test_predictions.jsonl
nllb-600m,ablations,verb,10-VERBS,structured,455,97.14,98.65,98.65,multi,54,experiments/results/rebuttal_repaired_20260502/nllb-600m/ablations/verb/10-VERBS/seed42/test_predictions.jsonl
nllb-600m,ablations,verb,10-VERBS,tatoeba,1000,0.56,12.86,12.04,multi,0,experiments/results/rebuttal_repaired_20260502/nllb-600m/ablations/verb/10-VERBS/seed42/test_predictions.jsonl
nllb-600m,ablations,verb,10-VERBS,combined,1455,20.7,30.54,30.41,multi,54,experiments/results/rebuttal_repaired_20260502/nllb-600m/ablations/verb/10-VERBS/seed456/test_predictions.jsonl
nllb-600m,ablations,verb,10-VERBS,structured,455,92.44,96.02,95.9,multi,54,experiments/results/rebuttal_repaired_20260502/nllb-600m/ablations/verb/10-VERBS/seed456/test_predictions.jsonl
nllb-600m,ablations,verb,10-VERBS,tatoeba,1000,0.54,13.08,12.3,multi,0,experiments/results/rebuttal_repaired_20260502/nllb-600m/ablations/verb/10-VERBS/seed456/test_predictions.jsonl
nllb-600m,ablations,verb,3-VERBS-a,combined,1455,3.76,14.13,13.71,multi,54,experiments/results/rebuttal_repaired_20260502/nllb-600m/ablations/verb/3-VERBS-a/seed123/test_predictions.jsonl
nllb-600m,ablations,verb,3-VERBS-a,structured,455,15.08,28.45,27.99,multi,54,experiments/results/rebuttal_repaired_20260502/nllb-600m/ablations/verb/3-VERBS-a/seed123/test_predictions.jsonl
nllb-600m,ablations,verb,3-VERBS-a,tatoeba,1000,0.28,10.4,9.85,multi,0,experiments/results/rebuttal_repaired_20260502/nllb-600m/ablations/verb/3-VERBS-a/seed123/test_predictions.jsonl
nllb-600m,ablations,verb,3-VERBS-a,combined,1455,3.61,16.32,15.39,multi,54,experiments/results/rebuttal_repaired_20260502/nllb-600m/ablations/verb/3-VERBS-a/seed42/test_predictions.jsonl
nllb-600m,ablations,verb,3-VERBS-a,structured,455,15.01,30.06,29.44,multi,54,experiments/results/rebuttal_repaired_20260502/nllb-600m/ablations/verb/3-VERBS-a/seed42/test_predictions.jsonl
nllb-600m,ablations,verb,3-VERBS-a,tatoeba,1000,0.49,12.98,11.78,multi,0,experiments/results/rebuttal_repaired_20260502/nllb-600m/ablations/verb/3-VERBS-a/seed42/test_predictions.jsonl
nllb-600m,ablations,verb,3-VERBS-a,combined,1455,3.82,14.45,13.86,multi,54,experiments/results/rebuttal_repaired_20260502/nllb-600m/ablations/verb/3-VERBS-a/seed456/test_predictions.jsonl
nllb-600m,ablations,verb,3-VERBS-a,structured,455,15.05,28.4,28.01,multi,54,experiments/results/rebuttal_repaired_20260502/nllb-600m/ablations/verb/3-VERBS-a/seed456/test_predictions.jsonl
nllb-600m,ablations,verb,3-VERBS-a,tatoeba,1000,0.33,10.78,9.98,multi,0,experiments/results/rebuttal_repaired_20260502/nllb-600m/ablations/verb/3-VERBS-a/seed456/test_predictions.jsonl
nllb-600m,ablations,verb,3-VERBS-b,combined,1455,6.81,17.78,17.06,multi,54,experiments/results/rebuttal_repaired_20260502/nllb-600m/ablations/verb/3-VERBS-b/seed123/test_predictions.jsonl
nllb-600m,ablations,verb,3-VERBS-b,structured,455,30.08,36.75,37.11,multi,54,experiments/results/rebuttal_repaired_20260502/nllb-600m/ablations/verb/3-VERBS-b/seed123/test_predictions.jsonl
nllb-600m,ablations,verb,3-VERBS-b,tatoeba,1000,0.31,13.08,11.79,multi,0,experiments/results/rebuttal_repaired_20260502/nllb-600m/ablations/verb/3-VERBS-b/seed123/test_predictions.jsonl
nllb-600m,ablations,verb,3-VERBS-b,combined,1455,6.55,15.57,15.13,multi,54,experiments/results/rebuttal_repaired_20260502/nllb-600m/ablations/verb/3-VERBS-b/seed42/test_predictions.jsonl
nllb-600m,ablations,verb,3-VERBS-b,structured,455,31.93,36.1,36.76,multi,54,experiments/results/rebuttal_repaired_20260502/nllb-600m/ablations/verb/3-VERBS-b/seed42/test_predictions.jsonl
nllb-600m,ablations,verb,3-VERBS-b,tatoeba,1000,0.19,10.31,9.33,multi,0,experiments/results/rebuttal_repaired_20260502/nllb-600m/ablations/verb/3-VERBS-b/seed42/test_predictions.jsonl
nllb-600m,ablations,verb,3-VERBS-b,combined,1455,5.57,15.84,15.49,multi,54,experiments/results/rebuttal_repaired_20260502/nllb-600m/ablations/verb/3-VERBS-b/seed456/test_predictions.jsonl
nllb-600m,ablations,verb,3-VERBS-b,structured,455,31.29,35.57,36.35,multi,54,experiments/results/rebuttal_repaired_20260502/nllb-600m/ablations/verb/3-VERBS-b/seed456/test_predictions.jsonl
nllb-600m,ablations,verb,3-VERBS-b,tatoeba,1000,0.2,10.9,10.06,multi,0,experiments/results/rebuttal_repaired_20260502/nllb-600m/ablations/verb/3-VERBS-b/seed456/test_predictions.jsonl
nllb-600m,ablations,verb,3-VERBS-c,combined,1455,5.08,15.75,15.41,multi,54,experiments/results/rebuttal_repaired_20260502/nllb-600m/ablations/verb/3-VERBS-c/seed123/test_predictions.jsonl
nllb-600m,ablations,verb,3-VERBS-c,structured,455,22.44,34.45,34.96,multi,54,experiments/results/rebuttal_repaired_20260502/nllb-600m/ablations/verb/3-VERBS-c/seed123/test_predictions.jsonl
nllb-600m,ablations,verb,3-VERBS-c,tatoeba,1000,0.29,10.97,10.17,multi,0,experiments/results/rebuttal_repaired_20260502/nllb-600m/ablations/verb/3-VERBS-c/seed123/test_predictions.jsonl
nllb-600m,ablations,verb,3-VERBS-c,combined,1455,5.1,15.34,15.04,multi,54,experiments/results/rebuttal_repaired_20260502/nllb-600m/ablations/verb/3-VERBS-c/seed42/test_predictions.jsonl
nllb-600m,ablations,verb,3-VERBS-c,structured,455,24.08,34.81,35.37,multi,54,experiments/results/rebuttal_repaired_20260502/nllb-600m/ablations/verb/3-VERBS-c/seed42/test_predictions.jsonl
nllb-600m,ablations,verb,3-VERBS-c,tatoeba,1000,0.35,10.44,9.67,multi,0,experiments/results/rebuttal_repaired_20260502/nllb-600m/ablations/verb/3-VERBS-c/seed42/test_predictions.jsonl
nllb-600m,ablations,verb,3-VERBS-c,combined,1455,5.07,16.4,15.9,multi,54,experiments/results/rebuttal_repaired_20260502/nllb-600m/ablations/verb/3-VERBS-c/seed456/test_predictions.jsonl
nllb-600m,ablations,verb,3-VERBS-c,structured,455,24.34,35.46,35.84,multi,54,experiments/results/rebuttal_repaired_20260502/nllb-600m/ablations/verb/3-VERBS-c/seed456/test_predictions.jsonl
nllb-600m,ablations,verb,3-VERBS-c,tatoeba,1000,0.36,11.75,10.77,multi,0,experiments/results/rebuttal_repaired_20260502/nllb-600m/ablations/verb/3-VERBS-c/seed456/test_predictions.jsonl
nllb-600m,ablations,verb,5-VERBS-a,combined,1455,6.93,16.5,16.63,multi,54,experiments/results/rebuttal_repaired_20260502/nllb-600m/ablations/verb/5-VERBS-a/seed123/test_predictions.jsonl
nllb-600m,ablations,verb,5-VERBS-a,structured,455,34.72,44.44,44.81,multi,54,experiments/results/rebuttal_repaired_20260502/nllb-600m/ablations/verb/5-VERBS-a/seed123/test_predictions.jsonl
nllb-600m,ablations,verb,5-VERBS-a,tatoeba,1000,0.31,10.11,9.72,multi,0,experiments/results/rebuttal_repaired_20260502/nllb-600m/ablations/verb/5-VERBS-a/seed123/test_predictions.jsonl
nllb-600m,ablations,verb,5-VERBS-a,combined,1455,6.55,18.18,17.84,multi,54,experiments/results/rebuttal_repaired_20260502/nllb-600m/ablations/verb/5-VERBS-a/seed42/test_predictions.jsonl
nllb-600m,ablations,verb,5-VERBS-a,structured,455,32.54,45.61,45.55,multi,54,experiments/results/rebuttal_repaired_20260502/nllb-600m/ablations/verb/5-VERBS-a/seed42/test_predictions.jsonl
nllb-600m,ablations,verb,5-VERBS-a,tatoeba,1000,0.37,11.45,10.7,multi,0,experiments/results/rebuttal_repaired_20260502/nllb-600m/ablations/verb/5-VERBS-a/seed42/test_predictions.jsonl
nllb-600m,ablations,verb,5-VERBS-a,combined,1455,8.85,18.73,18.17,multi,54,experiments/results/rebuttal_repaired_20260502/nllb-600m/ablations/verb/5-VERBS-a/seed456/test_predictions.jsonl
nllb-600m,ablations,verb,5-VERBS-a,structured,455,34.15,46.17,45.99,multi,54,experiments/results/rebuttal_repaired_20260502/nllb-600m/ablations/verb/5-VERBS-a/seed456/test_predictions.jsonl
nllb-600m,ablations,verb,5-VERBS-a,tatoeba,1000,0.46,11.47,10.43,multi,0,experiments/results/rebuttal_repaired_20260502/nllb-600m/ablations/verb/5-VERBS-a/seed456/test_predictions.jsonl
nllb-600m,ablations,verb,5-VERBS-b,combined,1455,10.79,19.01,19.15,multi,54,experiments/results/rebuttal_repaired_20260502/nllb-600m/ablations/verb/5-VERBS-b/seed123/test_predictions.jsonl
nllb-600m,ablations,verb,5-VERBS-b,structured,455,40.45,47.72,49.3,multi,54,experiments/results/rebuttal_repaired_20260502/nllb-600m/ablations/verb/5-VERBS-b/seed123/test_predictions.jsonl
nllb-600m,ablations,verb,5-VERBS-b,tatoeba,1000,0.44,11.22,10.59,multi,0,experiments/results/rebuttal_repaired_20260502/nllb-600m/ablations/verb/5-VERBS-b/seed123/test_predictions.jsonl
nllb-600m,ablations,verb,5-VERBS-b,combined,1455,10.75,19.15,19.44,multi,54,experiments/results/rebuttal_repaired_20260502/nllb-600m/ablations/verb/5-VERBS-b/seed42/test_predictions.jsonl
nllb-600m,ablations,verb,5-VERBS-b,structured,455,39.13,47.72,49.34,multi,54,experiments/results/rebuttal_repaired_20260502/nllb-600m/ablations/verb/5-VERBS-b/seed42/test_predictions.jsonl
nllb-600m,ablations,verb,5-VERBS-b,tatoeba,1000,0.47,11.47,11.01,multi,0,experiments/results/rebuttal_repaired_20260502/nllb-600m/ablations/verb/5-VERBS-b/seed42/test_predictions.jsonl
nllb-600m,ablations,verb,5-VERBS-b,combined,1455,10.09,19.06,19.3,multi,54,experiments/results/rebuttal_repaired_20260502/nllb-600m/ablations/verb/5-VERBS-b/seed456/test_predictions.jsonl
nllb-600m,ablations,verb,5-VERBS-b,structured,455,39.51,47.45,48.98,multi,54,experiments/results/rebuttal_repaired_20260502/nllb-600m/ablations/verb/5-VERBS-b/seed456/test_predictions.jsonl
nllb-600m,ablations,verb,5-VERBS-b,tatoeba,1000,0.43,11.46,10.99,multi,0,experiments/results/rebuttal_repaired_20260502/nllb-600m/ablations/verb/5-VERBS-b/seed456/test_predictions.jsonl
nllb-600m,ablations,verb,5-VERBS-c,combined,1455,8.0,18.4,17.82,multi,54,experiments/results/rebuttal_repaired_20260502/nllb-600m/ablations/verb/5-VERBS-c/seed123/test_predictions.jsonl
nllb-600m,ablations,verb,5-VERBS-c,structured,455,38.28,44.23,44.47,multi,54,experiments/results/rebuttal_repaired_20260502/nllb-600m/ablations/verb/5-VERBS-c/seed123/test_predictions.jsonl
nllb-600m,ablations,verb,5-VERBS-c,tatoeba,1000,0.25,11.8,10.72,multi,0,experiments/results/rebuttal_repaired_20260502/nllb-600m/ablations/verb/5-VERBS-c/seed123/test_predictions.jsonl
nllb-600m,ablations,verb,5-VERBS-c,combined,1455,9.16,19.07,18.55,multi,54,experiments/results/rebuttal_repaired_20260502/nllb-600m/ablations/verb/5-VERBS-c/seed42/test_predictions.jsonl
nllb-600m,ablations,verb,5-VERBS-c,structured,455,37.85,44.35,44.6,multi,54,experiments/results/rebuttal_repaired_20260502/nllb-600m/ablations/verb/5-VERBS-c/seed42/test_predictions.jsonl
nllb-600m,ablations,verb,5-VERBS-c,tatoeba,1000,0.43,12.55,11.5,multi,0,experiments/results/rebuttal_repaired_20260502/nllb-600m/ablations/verb/5-VERBS-c/seed42/test_predictions.jsonl
nllb-600m,ablations,verb,5-VERBS-c,combined,1455,9.11,19.47,18.84,multi,54,experiments/results/rebuttal_repaired_20260502/nllb-600m/ablations/verb/5-VERBS-c/seed456/test_predictions.jsonl
nllb-600m,ablations,verb,5-VERBS-c,structured,455,38.46,44.78,44.9,multi,54,experiments/results/rebuttal_repaired_20260502/nllb-600m/ablations/verb/5-VERBS-c/seed456/test_predictions.jsonl
nllb-600m,ablations,verb,5-VERBS-c,tatoeba,1000,0.36,13.09,11.93,multi,0,experiments/results/rebuttal_repaired_20260502/nllb-600m/ablations/verb/5-VERBS-c/seed456/test_predictions.jsonl
nllb-600m,baselines,LENGTH-STRATIFIED,123,combined,1455,3.02,26.24,23.59,multi,54,experiments/results/rebuttal_repaired_20260502/nllb-600m/baselines/LENGTH-STRATIFIED/seed123/test_predictions.jsonl
nllb-600m,baselines,LENGTH-STRATIFIED,123,structured,455,4.64,32.25,28.85,multi,54,experiments/results/rebuttal_repaired_20260502/nllb-600m/baselines/LENGTH-STRATIFIED/seed123/test_predictions.jsonl
nllb-600m,baselines,LENGTH-STRATIFIED,123,tatoeba,1000,2.57,24.66,22.19,multi,0,experiments/results/rebuttal_repaired_20260502/nllb-600m/baselines/LENGTH-STRATIFIED/seed123/test_predictions.jsonl
nllb-600m,baselines,LENGTH-STRATIFIED,2024,combined,1455,3.21,26.13,23.41,multi,54,experiments/results/rebuttal_repaired_20260502/nllb-600m/baselines/LENGTH-STRATIFIED/seed2024/test_predictions.jsonl
nllb-600m,baselines,LENGTH-STRATIFIED,2024,structured,455,4.51,31.0,27.46,multi,54,experiments/results/rebuttal_repaired_20260502/nllb-600m/baselines/LENGTH-STRATIFIED/seed2024/test_predictions.jsonl
nllb-600m,baselines,LENGTH-STRATIFIED,2024,tatoeba,1000,2.91,24.86,22.34,multi,0,experiments/results/rebuttal_repaired_20260502/nllb-600m/baselines/LENGTH-STRATIFIED/seed2024/test_predictions.jsonl
nllb-600m,baselines,LENGTH-STRATIFIED,42,combined,1455,3.09,25.74,23.23,multi,54,experiments/results/rebuttal_repaired_20260502/nllb-600m/baselines/LENGTH-STRATIFIED/seed42/test_predictions.jsonl
nllb-600m,baselines,LENGTH-STRATIFIED,42,structured,455,5.64,31.57,28.35,multi,54,experiments/results/rebuttal_repaired_20260502/nllb-600m/baselines/LENGTH-STRATIFIED/seed42/test_predictions.jsonl
nllb-600m,baselines,LENGTH-STRATIFIED,42,tatoeba,1000,2.28,24.22,21.86,multi,0,experiments/results/rebuttal_repaired_20260502/nllb-600m/baselines/LENGTH-STRATIFIED/seed42/test_predictions.jsonl
nllb-600m,baselines,LENGTH-STRATIFIED,456,combined,1455,3.79,26.53,23.91,multi,54,experiments/results/rebuttal_repaired_20260502/nllb-600m/baselines/LENGTH-STRATIFIED/seed456/test_predictions.jsonl
nllb-600m,baselines,LENGTH-STRATIFIED,456,structured,455,6.54,33.47,30.04,multi,54,experiments/results/rebuttal_repaired_20260502/nllb-600m/baselines/LENGTH-STRATIFIED/seed456/test_predictions.jsonl
nllb-600m,baselines,LENGTH-STRATIFIED,456,tatoeba,1000,3.04,24.7,22.26,multi,0,experiments/results/rebuttal_repaired_20260502/nllb-600m/baselines/LENGTH-STRATIFIED/seed456/test_predictions.jsonl
nllb-600m,baselines,LENGTH-STRATIFIED,789,combined,1455,3.58,26.88,24.26,multi,54,experiments/results/rebuttal_repaired_20260502/nllb-600m/baselines/LENGTH-STRATIFIED/seed789/test_predictions.jsonl
nllb-600m,baselines,LENGTH-STRATIFIED,789,structured,455,5.59,33.02,29.52,multi,54,experiments/results/rebuttal_repaired_20260502/nllb-600m/baselines/LENGTH-STRATIFIED/seed789/test_predictions.jsonl
nllb-600m,baselines,LENGTH-STRATIFIED,789,tatoeba,1000,3.06,25.28,22.86,multi,0,experiments/results/rebuttal_repaired_20260502/nllb-600m/baselines/LENGTH-STRATIFIED/seed789/test_predictions.jsonl
nllb-600m,baselines,TF-IDF-DIVERSE,123,combined,1455,4.17,26.43,23.99,multi,54,experiments/results/rebuttal_repaired_20260502/nllb-600m/baselines/TF-IDF-DIVERSE/seed123/test_predictions.jsonl
nllb-600m,baselines,TF-IDF-DIVERSE,123,structured,455,7.74,33.95,30.84,multi,54,experiments/results/rebuttal_repaired_20260502/nllb-600m/baselines/TF-IDF-DIVERSE/seed123/test_predictions.jsonl
nllb-600m,baselines,TF-IDF-DIVERSE,123,tatoeba,1000,3.29,24.51,22.19,multi,0,experiments/results/rebuttal_repaired_20260502/nllb-600m/baselines/TF-IDF-DIVERSE/seed123/test_predictions.jsonl
nllb-600m,baselines,TF-IDF-DIVERSE,2024,combined,1455,4.06,26.28,23.74,multi,54,experiments/results/rebuttal_repaired_20260502/nllb-600m/baselines/TF-IDF-DIVERSE/seed2024/test_predictions.jsonl
nllb-600m,baselines,TF-IDF-DIVERSE,2024,structured,455,5.94,32.72,29.17,multi,54,experiments/results/rebuttal_repaired_20260502/nllb-600m/baselines/TF-IDF-DIVERSE/seed2024/test_predictions.jsonl
nllb-600m,baselines,TF-IDF-DIVERSE,2024,tatoeba,1000,3.64,24.61,22.31,multi,0,experiments/results/rebuttal_repaired_20260502/nllb-600m/baselines/TF-IDF-DIVERSE/seed2024/test_predictions.jsonl
nllb-600m,baselines,TF-IDF-DIVERSE,42,combined,1455,3.76,25.68,23.37,multi,54,experiments/results/rebuttal_repaired_20260502/nllb-600m/baselines/TF-IDF-DIVERSE/seed42/test_predictions.jsonl
nllb-600m,baselines,TF-IDF-DIVERSE,42,structured,455,6.22,32.64,29.59,multi,54,experiments/results/rebuttal_repaired_20260502/nllb-600m/baselines/TF-IDF-DIVERSE/seed42/test_predictions.jsonl
nllb-600m,baselines,TF-IDF-DIVERSE,42,tatoeba,1000,3.16,23.86,21.7,multi,0,experiments/results/rebuttal_repaired_20260502/nllb-600m/baselines/TF-IDF-DIVERSE/seed42/test_predictions.jsonl
nllb-600m,baselines,TF-IDF-DIVERSE,456,combined,1455,3.67,25.81,23.46,multi,54,experiments/results/rebuttal_repaired_20260502/nllb-600m/baselines/TF-IDF-DIVERSE/seed456/test_predictions.jsonl
nllb-600m,baselines,TF-IDF-DIVERSE,456,structured,455,6.51,32.04,29.25,multi,54,experiments/results/rebuttal_repaired_20260502/nllb-600m/baselines/TF-IDF-DIVERSE/seed456/test_predictions.jsonl
nllb-600m,baselines,TF-IDF-DIVERSE,456,tatoeba,1000,3.0,24.19,21.92,multi,0,experiments/results/rebuttal_repaired_20260502/nllb-600m/baselines/TF-IDF-DIVERSE/seed456/test_predictions.jsonl
nllb-600m,baselines,TF-IDF-DIVERSE,789,combined,1455,3.92,26.1,23.65,multi,54,experiments/results/rebuttal_repaired_20260502/nllb-600m/baselines/TF-IDF-DIVERSE/seed789/test_predictions.jsonl
nllb-600m,baselines,TF-IDF-DIVERSE,789,structured,455,7.68,32.41,29.51,multi,54,experiments/results/rebuttal_repaired_20260502/nllb-600m/baselines/TF-IDF-DIVERSE/seed789/test_predictions.jsonl
nllb-600m,baselines,TF-IDF-DIVERSE,789,tatoeba,1000,2.86,24.46,22.08,multi,0,experiments/results/rebuttal_repaired_20260502/nllb-600m/baselines/TF-IDF-DIVERSE/seed789/test_predictions.jsonl
nllb-600m,baselines,VOCAB-MAXIMIZED,123,combined,1455,3.05,27.56,24.87,multi,54,experiments/results/rebuttal_repaired_20260502/nllb-600m/baselines/VOCAB-MAXIMIZED/seed123/test_predictions.jsonl
nllb-600m,baselines,VOCAB-MAXIMIZED,123,structured,455,4.52,35.84,32.2,multi,54,experiments/results/rebuttal_repaired_20260502/nllb-600m/baselines/VOCAB-MAXIMIZED/seed123/test_predictions.jsonl
nllb-600m,baselines,VOCAB-MAXIMIZED,123,tatoeba,1000,2.63,25.4,22.91,multi,0,experiments/results/rebuttal_repaired_20260502/nllb-600m/baselines/VOCAB-MAXIMIZED/seed123/test_predictions.jsonl
nllb-600m,baselines,VOCAB-MAXIMIZED,2024,combined,1455,2.99,26.7,24.0,multi,54,experiments/results/rebuttal_repaired_20260502/nllb-600m/baselines/VOCAB-MAXIMIZED/seed2024/test_predictions.jsonl
nllb-600m,baselines,VOCAB-MAXIMIZED,2024,structured,455,4.65,36.35,32.39,multi,54,experiments/results/rebuttal_repaired_20260502/nllb-600m/baselines/VOCAB-MAXIMIZED/seed2024/test_predictions.jsonl
nllb-600m,baselines,VOCAB-MAXIMIZED,2024,tatoeba,1000,2.49,24.24,21.81,multi,0,experiments/results/rebuttal_repaired_20260502/nllb-600m/baselines/VOCAB-MAXIMIZED/seed2024/test_predictions.jsonl
nllb-600m,baselines,VOCAB-MAXIMIZED,42,combined,1455,3.2,27.26,24.53,multi,54,experiments/results/rebuttal_repaired_20260502/nllb-600m/baselines/VOCAB-MAXIMIZED/seed42/test_predictions.jsonl
nllb-600m,baselines,VOCAB-MAXIMIZED,42,structured,455,4.43,35.95,31.99,multi,54,experiments/results/rebuttal_repaired_20260502/nllb-600m/baselines/VOCAB-MAXIMIZED/seed42/test_predictions.jsonl
nllb-600m,baselines,VOCAB-MAXIMIZED,42,tatoeba,1000,2.87,24.96,22.52,multi,0,experiments/results/rebuttal_repaired_20260502/nllb-600m/baselines/VOCAB-MAXIMIZED/seed42/test_predictions.jsonl
nllb-600m,baselines,VOCAB-MAXIMIZED,456,combined,1455,2.98,26.95,24.35,multi,54,experiments/results/rebuttal_repaired_20260502/nllb-600m/baselines/VOCAB-MAXIMIZED/seed456/test_predictions.jsonl
nllb-600m,baselines,VOCAB-MAXIMIZED,456,structured,455,5.39,35.65,32.02,multi,54,experiments/results/rebuttal_repaired_20260502/nllb-600m/baselines/VOCAB-MAXIMIZED/seed456/test_predictions.jsonl
nllb-600m,baselines,VOCAB-MAXIMIZED,456,tatoeba,1000,2.32,24.71,22.34,multi,0,experiments/results/rebuttal_repaired_20260502/nllb-600m/baselines/VOCAB-MAXIMIZED/seed456/test_predictions.jsonl
nllb-600m,baselines,VOCAB-MAXIMIZED,789,combined,1455,3.69,27.09,24.51,multi,54,experiments/results/rebuttal_repaired_20260502/nllb-600m/baselines/VOCAB-MAXIMIZED/seed789/test_predictions.jsonl
nllb-600m,baselines,VOCAB-MAXIMIZED,789,structured,455,6.1,35.35,31.86,multi,54,experiments/results/rebuttal_repaired_20260502/nllb-600m/baselines/VOCAB-MAXIMIZED/seed789/test_predictions.jsonl
nllb-600m,baselines,VOCAB-MAXIMIZED,789,tatoeba,1000,3.07,24.94,22.54,multi,0,experiments/results/rebuttal_repaired_20260502/nllb-600m/baselines/VOCAB-MAXIMIZED/seed789/test_predictions.jsonl
nllb-600m,exp1,RANDOM-10K,123,combined,1455,4.25,29.94,27.0,multi,54,experiments/results/rebuttal_repaired_20260502/nllb-600m/exp1/RANDOM-10K/seed123/test_predictions.jsonl
nllb-600m,exp1,RANDOM-10K,123,structured,455,5.44,37.04,33.08,multi,54,experiments/results/rebuttal_repaired_20260502/nllb-600m/exp1/RANDOM-10K/seed123/test_predictions.jsonl
nllb-600m,exp1,RANDOM-10K,123,tatoeba,1000,3.88,28.07,25.39,multi,0,experiments/results/rebuttal_repaired_20260502/nllb-600m/exp1/RANDOM-10K/seed123/test_predictions.jsonl
nllb-600m,exp1,RANDOM-10K,2024,combined,1455,4.33,31.13,27.78,multi,54,experiments/results/rebuttal_repaired_20260502/nllb-600m/exp1/RANDOM-10K/seed2024/test_predictions.jsonl
nllb-600m,exp1,RANDOM-10K,2024,structured,455,3.42,36.53,31.82,multi,54,experiments/results/rebuttal_repaired_20260502/nllb-600m/exp1/RANDOM-10K/seed2024/test_predictions.jsonl
nllb-600m,exp1,RANDOM-10K,2024,tatoeba,1000,4.51,29.66,26.69,multi,0,experiments/results/rebuttal_repaired_20260502/nllb-600m/exp1/RANDOM-10K/seed2024/test_predictions.jsonl
nllb-600m,exp1,RANDOM-10K,42,combined,1455,3.93,29.13,26.24,multi,54,experiments/results/rebuttal_repaired_20260502/nllb-600m/exp1/RANDOM-10K/seed42/test_predictions.jsonl
nllb-600m,exp1,RANDOM-10K,42,structured,455,4.76,34.78,31.07,multi,54,experiments/results/rebuttal_repaired_20260502/nllb-600m/exp1/RANDOM-10K/seed42/test_predictions.jsonl
nllb-600m,exp1,RANDOM-10K,42,tatoeba,1000,3.65,27.54,24.87,multi,0,experiments/results/rebuttal_repaired_20260502/nllb-600m/exp1/RANDOM-10K/seed42/test_predictions.jsonl
nllb-600m,exp1,RANDOM-10K,456,combined,1455,4.01,29.27,26.61,multi,54,experiments/results/rebuttal_repaired_20260502/nllb-600m/exp1/RANDOM-10K/seed456/test_predictions.jsonl
nllb-600m,exp1,RANDOM-10K,456,structured,455,4.43,35.23,31.99,multi,54,experiments/results/rebuttal_repaired_20260502/nllb-600m/exp1/RANDOM-10K/seed456/test_predictions.jsonl
nllb-600m,exp1,RANDOM-10K,456,tatoeba,1000,3.82,27.67,25.14,multi,0,experiments/results/rebuttal_repaired_20260502/nllb-600m/exp1/RANDOM-10K/seed456/test_predictions.jsonl
nllb-600m,exp1,RANDOM-10K,789,combined,1455,3.99,30.14,27.01,multi,54,experiments/results/rebuttal_repaired_20260502/nllb-600m/exp1/RANDOM-10K/seed789/test_predictions.jsonl
nllb-600m,exp1,RANDOM-10K,789,structured,455,4.13,33.4,30.05,multi,54,experiments/results/rebuttal_repaired_20260502/nllb-600m/exp1/RANDOM-10K/seed789/test_predictions.jsonl
nllb-600m,exp1,RANDOM-10K,789,tatoeba,1000,3.94,29.2,26.12,multi,0,experiments/results/rebuttal_repaired_20260502/nllb-600m/exp1/RANDOM-10K/seed789/test_predictions.jsonl
nllb-600m,exp1,RANDOM-10K_STRUCTURED-4K,123,combined,1455,25.5,43.33,41.53,multi,54,experiments/results/rebuttal_repaired_20260502/nllb-600m/exp1/RANDOM-10K_STRUCTURED-4K/seed123/test_predictions.jsonl
nllb-600m,exp1,RANDOM-10K_STRUCTURED-4K,123,structured,455,96.09,97.95,97.9,multi,54,experiments/results/rebuttal_repaired_20260502/nllb-600m/exp1/RANDOM-10K_STRUCTURED-4K/seed123/test_predictions.jsonl
nllb-600m,exp1,RANDOM-10K_STRUCTURED-4K,123,tatoeba,1000,3.82,29.34,26.27,multi,0,experiments/results/rebuttal_repaired_20260502/nllb-600m/exp1/RANDOM-10K_STRUCTURED-4K/seed123/test_predictions.jsonl
nllb-600m,exp1,RANDOM-10K_STRUCTURED-4K,2024,combined,1455,26.2,43.4,41.54,multi,54,experiments/results/rebuttal_repaired_20260502/nllb-600m/exp1/RANDOM-10K_STRUCTURED-4K/seed2024/test_predictions.jsonl
nllb-600m,exp1,RANDOM-10K_STRUCTURED-4K,2024,structured,455,96.49,98.07,98.0,multi,54,experiments/results/rebuttal_repaired_20260502/nllb-600m/exp1/RANDOM-10K_STRUCTURED-4K/seed2024/test_predictions.jsonl
nllb-600m,exp1,RANDOM-10K_STRUCTURED-4K,2024,tatoeba,1000,4.23,29.27,26.15,multi,0,experiments/results/rebuttal_repaired_20260502/nllb-600m/exp1/RANDOM-10K_STRUCTURED-4K/seed2024/test_predictions.jsonl
nllb-600m,exp1,RANDOM-10K_STRUCTURED-4K,42,combined,1455,22.4,41.3,39.72,multi,54,experiments/results/rebuttal_repaired_20260502/nllb-600m/exp1/RANDOM-10K_STRUCTURED-4K/seed42/test_predictions.jsonl
nllb-600m,exp1,RANDOM-10K_STRUCTURED-4K,42,structured,455,92.53,96.25,95.94,multi,54,experiments/results/rebuttal_repaired_20260502/nllb-600m/exp1/RANDOM-10K_STRUCTURED-4K/seed42/test_predictions.jsonl
nllb-600m,exp1,RANDOM-10K_STRUCTURED-4K,42,tatoeba,1000,3.5,27.62,24.94,multi,0,experiments/results/rebuttal_repaired_20260502/nllb-600m/exp1/RANDOM-10K_STRUCTURED-4K/seed42/test_predictions.jsonl
nllb-600m,exp1,RANDOM-10K_STRUCTURED-4K,456,combined,1455,24.69,42.14,40.5,multi,54,experiments/results/rebuttal_repaired_20260502/nllb-600m/exp1/RANDOM-10K_STRUCTURED-4K/seed456/test_predictions.jsonl
nllb-600m,exp1,RANDOM-10K_STRUCTURED-4K,456,structured,455,94.24,96.83,96.74,multi,54,experiments/results/rebuttal_repaired_20260502/nllb-600m/exp1/RANDOM-10K_STRUCTURED-4K/seed456/test_predictions.jsonl
nllb-600m,exp1,RANDOM-10K_STRUCTURED-4K,456,tatoeba,1000,3.55,28.09,25.28,multi,0,experiments/results/rebuttal_repaired_20260502/nllb-600m/exp1/RANDOM-10K_STRUCTURED-4K/seed456/test_predictions.jsonl
nllb-600m,exp1,RANDOM-10K_STRUCTURED-4K,789,combined,1455,24.63,42.47,40.88,multi,54,experiments/results/rebuttal_repaired_20260502/nllb-600m/exp1/RANDOM-10K_STRUCTURED-4K/seed789/test_predictions.jsonl
nllb-600m,exp1,RANDOM-10K_STRUCTURED-4K,789,structured,455,95.82,97.55,97.49,multi,54,experiments/results/rebuttal_repaired_20260502/nllb-600m/exp1/RANDOM-10K_STRUCTURED-4K/seed789/test_predictions.jsonl
nllb-600m,exp1,RANDOM-10K_STRUCTURED-4K,789,tatoeba,1000,3.93,28.47,25.71,multi,0,experiments/results/rebuttal_repaired_20260502/nllb-600m/exp1/RANDOM-10K_STRUCTURED-4K/seed789/test_predictions.jsonl
nllb-600m,exp1,RANDOM-4K,123,combined,1455,3.53,28.61,25.56,multi,54,experiments/results/rebuttal_repaired_20260502/nllb-600m/exp1/RANDOM-4K/seed123/test_predictions.jsonl
nllb-600m,exp1,RANDOM-4K,123,structured,455,4.58,34.67,30.5,multi,54,experiments/results/rebuttal_repaired_20260502/nllb-600m/exp1/RANDOM-4K/seed123/test_predictions.jsonl
nllb-600m,exp1,RANDOM-4K,123,tatoeba,1000,3.2,27.01,24.25,multi,0,experiments/results/rebuttal_repaired_20260502/nllb-600m/exp1/RANDOM-4K/seed123/test_predictions.jsonl
nllb-600m,exp1,RANDOM-4K,2024,combined,1455,3.6,28.88,25.89,multi,54,experiments/results/rebuttal_repaired_20260502/nllb-600m/exp1/RANDOM-4K/seed2024/test_predictions.jsonl
nllb-600m,exp1,RANDOM-4K,2024,structured,455,3.85,35.24,31.18,multi,54,experiments/results/rebuttal_repaired_20260502/nllb-600m/exp1/RANDOM-4K/seed2024/test_predictions.jsonl
nllb-600m,exp1,RANDOM-4K,2024,tatoeba,1000,3.5,27.22,24.49,multi,0,experiments/results/rebuttal_repaired_20260502/nllb-600m/exp1/RANDOM-4K/seed2024/test_predictions.jsonl
nllb-600m,exp1,RANDOM-4K,42,combined,1455,3.67,29.02,25.89,multi,54,experiments/results/rebuttal_repaired_20260502/nllb-600m/exp1/RANDOM-4K/seed42/test_predictions.jsonl
nllb-600m,exp1,RANDOM-4K,42,structured,455,4.24,35.83,31.59,multi,54,experiments/results/rebuttal_repaired_20260502/nllb-600m/exp1/RANDOM-4K/seed42/test_predictions.jsonl
nllb-600m,exp1,RANDOM-4K,42,tatoeba,1000,3.53,27.26,24.39,multi,0,experiments/results/rebuttal_repaired_20260502/nllb-600m/exp1/RANDOM-4K/seed42/test_predictions.jsonl
nllb-600m,exp1,RANDOM-4K,456,combined,1455,3.88,29.2,26.07,multi,54,experiments/results/rebuttal_repaired_20260502/nllb-600m/exp1/RANDOM-4K/seed456/test_predictions.jsonl
nllb-600m,exp1,RANDOM-4K,456,structured,455,4.65,35.68,31.4,multi,54,experiments/results/rebuttal_repaired_20260502/nllb-600m/exp1/RANDOM-4K/seed456/test_predictions.jsonl
nllb-600m,exp1,RANDOM-4K,456,tatoeba,1000,3.69,27.5,24.65,multi,0,experiments/results/rebuttal_repaired_20260502/nllb-600m/exp1/RANDOM-4K/seed456/test_predictions.jsonl
nllb-600m,exp1,RANDOM-4K,789,combined,1455,3.97,29.45,26.45,multi,54,experiments/results/rebuttal_repaired_20260502/nllb-600m/exp1/RANDOM-4K/seed789/test_predictions.jsonl
nllb-600m,exp1,RANDOM-4K,789,structured,455,4.98,36.02,32.0,multi,54,experiments/results/rebuttal_repaired_20260502/nllb-600m/exp1/RANDOM-4K/seed789/test_predictions.jsonl
nllb-600m,exp1,RANDOM-4K,789,tatoeba,1000,3.71,27.75,24.99,multi,0,experiments/results/rebuttal_repaired_20260502/nllb-600m/exp1/RANDOM-4K/seed789/test_predictions.jsonl
nllb-600m,exp1,RANDOM-6K_STRUCTURED-4K,123,combined,1455,25.91,42.81,41.1,multi,54,experiments/results/rebuttal_repaired_20260502/nllb-600m/exp1/RANDOM-6K_STRUCTURED-4K/seed123/test_predictions.jsonl
nllb-600m,exp1,RANDOM-6K_STRUCTURED-4K,123,structured,455,96.38,97.75,97.73,multi,54,experiments/results/rebuttal_repaired_20260502/nllb-600m/exp1/RANDOM-6K_STRUCTURED-4K/seed123/test_predictions.jsonl
nllb-600m,exp1,RANDOM-6K_STRUCTURED-4K,123,tatoeba,1000,3.53,28.65,25.7,multi,0,experiments/results/rebuttal_repaired_20260502/nllb-600m/exp1/RANDOM-6K_STRUCTURED-4K/seed123/test_predictions.jsonl
nllb-600m,exp1,RANDOM-6K_STRUCTURED-4K,2024,combined,1455,25.85,42.32,40.73,multi,54,experiments/results/rebuttal_repaired_20260502/nllb-600m/exp1/RANDOM-6K_STRUCTURED-4K/seed2024/test_predictions.jsonl
nllb-600m,exp1,RANDOM-6K_STRUCTURED-4K,2024,structured,455,95.34,97.12,97.11,multi,54,experiments/results/rebuttal_repaired_20260502/nllb-600m/exp1/RANDOM-6K_STRUCTURED-4K/seed2024/test_predictions.jsonl
nllb-600m,exp1,RANDOM-6K_STRUCTURED-4K,2024,tatoeba,1000,3.98,28.2,25.39,multi,0,experiments/results/rebuttal_repaired_20260502/nllb-600m/exp1/RANDOM-6K_STRUCTURED-4K/seed2024/test_predictions.jsonl
nllb-600m,exp1,RANDOM-6K_STRUCTURED-4K,42,combined,1455,24.86,41.98,40.44,multi,54,experiments/results/rebuttal_repaired_20260502/nllb-600m/exp1/RANDOM-6K_STRUCTURED-4K/seed42/test_predictions.jsonl
nllb-600m,exp1,RANDOM-6K_STRUCTURED-4K,42,structured,455,94.37,96.84,96.69,multi,54,experiments/results/rebuttal_repaired_20260502/nllb-600m/exp1/RANDOM-6K_STRUCTURED-4K/seed42/test_predictions.jsonl
nllb-600m,exp1,RANDOM-6K_STRUCTURED-4K,42,tatoeba,1000,4.04,28.06,25.36,multi,0,experiments/results/rebuttal_repaired_20260502/nllb-600m/exp1/RANDOM-6K_STRUCTURED-4K/seed42/test_predictions.jsonl
nllb-600m,exp1,RANDOM-6K_STRUCTURED-4K,456,combined,1455,24.7,42.07,40.47,multi,54,experiments/results/rebuttal_repaired_20260502/nllb-600m/exp1/RANDOM-6K_STRUCTURED-4K/seed456/test_predictions.jsonl
nllb-600m,exp1,RANDOM-6K_STRUCTURED-4K,456,structured,455,94.02,97.04,96.75,multi,54,experiments/results/rebuttal_repaired_20260502/nllb-600m/exp1/RANDOM-6K_STRUCTURED-4K/seed456/test_predictions.jsonl
nllb-600m,exp1,RANDOM-6K_STRUCTURED-4K,456,tatoeba,1000,4.08,27.97,25.28,multi,0,experiments/results/rebuttal_repaired_20260502/nllb-600m/exp1/RANDOM-6K_STRUCTURED-4K/seed456/test_predictions.jsonl
nllb-600m,exp1,RANDOM-6K_STRUCTURED-4K,789,combined,1455,26.03,42.93,41.17,multi,54,experiments/results/rebuttal_repaired_20260502/nllb-600m/exp1/RANDOM-6K_STRUCTURED-4K/seed789/test_predictions.jsonl
nllb-600m,exp1,RANDOM-6K_STRUCTURED-4K,789,structured,455,95.44,97.82,97.72,multi,54,experiments/results/rebuttal_repaired_20260502/nllb-600m/exp1/RANDOM-6K_STRUCTURED-4K/seed789/test_predictions.jsonl
nllb-600m,exp1,RANDOM-6K_STRUCTURED-4K,789,tatoeba,1000,3.97,28.66,25.65,multi,0,experiments/results/rebuttal_repaired_20260502/nllb-600m/exp1/RANDOM-6K_STRUCTURED-4K/seed789/test_predictions.jsonl
nllb-600m,exp1,STRUCTURED-2K,123,combined,1455,23.74,31.1,31.03,multi,54,experiments/results/rebuttal_repaired_20260502/nllb-600m/exp1/STRUCTURED-2K/seed123/test_predictions.jsonl
nllb-600m,exp1,STRUCTURED-2K,123,structured,455,95.88,97.56,97.52,multi,54,experiments/results/rebuttal_repaired_20260502/nllb-600m/exp1/STRUCTURED-2K/seed123/test_predictions.jsonl
nllb-600m,exp1,STRUCTURED-2K,123,tatoeba,1000,0.79,13.08,12.28,multi,0,experiments/results/rebuttal_repaired_20260502/nllb-600m/exp1/STRUCTURED-2K/seed123/test_predictions.jsonl
nllb-600m,exp1,STRUCTURED-2K,2024,combined,1455,21.62,30.26,30.3,multi,54,experiments/results/rebuttal_repaired_20260502/nllb-600m/exp1/STRUCTURED-2K/seed2024/test_predictions.jsonl
nllb-600m,exp1,STRUCTURED-2K,2024,structured,455,94.92,97.19,97.11,multi,54,experiments/results/rebuttal_repaired_20260502/nllb-600m/exp1/STRUCTURED-2K/seed2024/test_predictions.jsonl
nllb-600m,exp1,STRUCTURED-2K,2024,tatoeba,1000,0.57,12.52,11.91,multi,0,experiments/results/rebuttal_repaired_20260502/nllb-600m/exp1/STRUCTURED-2K/seed2024/test_predictions.jsonl
nllb-600m,exp1,STRUCTURED-2K,42,combined,1455,13.05,28.61,28.31,multi,54,experiments/results/rebuttal_repaired_20260502/nllb-600m/exp1/STRUCTURED-2K/seed42/test_predictions.jsonl
nllb-600m,exp1,STRUCTURED-2K,42,structured,455,95.81,97.64,97.58,multi,54,experiments/results/rebuttal_repaired_20260502/nllb-600m/exp1/STRUCTURED-2K/seed42/test_predictions.jsonl
nllb-600m,exp1,STRUCTURED-2K,42,tatoeba,1000,0.3,11.5,10.73,multi,0,experiments/results/rebuttal_repaired_20260502/nllb-600m/exp1/STRUCTURED-2K/seed42/test_predictions.jsonl
nllb-600m,exp1,STRUCTURED-2K,456,combined,1455,21.71,30.18,30.16,multi,54,experiments/results/rebuttal_repaired_20260502/nllb-600m/exp1/STRUCTURED-2K/seed456/test_predictions.jsonl
nllb-600m,exp1,STRUCTURED-2K,456,structured,455,95.21,97.46,97.38,multi,54,experiments/results/rebuttal_repaired_20260502/nllb-600m/exp1/STRUCTURED-2K/seed456/test_predictions.jsonl
nllb-600m,exp1,STRUCTURED-2K,456,tatoeba,1000,0.72,12.34,11.65,multi,0,experiments/results/rebuttal_repaired_20260502/nllb-600m/exp1/STRUCTURED-2K/seed456/test_predictions.jsonl
nllb-600m,exp1,STRUCTURED-2K,789,combined,1455,23.67,31.28,31.25,multi,54,experiments/results/rebuttal_repaired_20260502/nllb-600m/exp1/STRUCTURED-2K/seed789/test_predictions.jsonl
nllb-600m,exp1,STRUCTURED-2K,789,structured,455,96.45,98.22,98.13,multi,54,experiments/results/rebuttal_repaired_20260502/nllb-600m/exp1/STRUCTURED-2K/seed789/test_predictions.jsonl
nllb-600m,exp1,STRUCTURED-2K,789,tatoeba,1000,0.59,13.06,12.37,multi,0,experiments/results/rebuttal_repaired_20260502/nllb-600m/exp1/STRUCTURED-2K/seed789/test_predictions.jsonl
nllb-600m,exp1,STRUCTURED-4K-ONLY,123,combined,1455,21.96,29.89,29.85,multi,54,experiments/results/rebuttal_repaired_20260502/nllb-600m/exp1/STRUCTURED-4K-ONLY/seed123/test_predictions.jsonl
nllb-600m,exp1,STRUCTURED-4K-ONLY,123,structured,455,96.19,97.74,97.74,multi,54,experiments/results/rebuttal_repaired_20260502/nllb-600m/exp1/STRUCTURED-4K-ONLY/seed123/test_predictions.jsonl
nllb-600m,exp1,STRUCTURED-4K-ONLY,123,tatoeba,1000,0.54,11.88,11.11,multi,0,experiments/results/rebuttal_repaired_20260502/nllb-600m/exp1/STRUCTURED-4K-ONLY/seed123/test_predictions.jsonl
nllb-600m,exp1,STRUCTURED-4K-ONLY,2024,combined,1455,22.53,30.64,30.57,multi,54,experiments/results/rebuttal_repaired_20260502/nllb-600m/exp1/STRUCTURED-4K-ONLY/seed2024/test_predictions.jsonl
nllb-600m,exp1,STRUCTURED-4K-ONLY,2024,structured,455,96.15,97.81,97.78,multi,54,experiments/results/rebuttal_repaired_20260502/nllb-600m/exp1/STRUCTURED-4K-ONLY/seed2024/test_predictions.jsonl
nllb-600m,exp1,STRUCTURED-4K-ONLY,2024,tatoeba,1000,0.53,12.69,11.9,multi,0,experiments/results/rebuttal_repaired_20260502/nllb-600m/exp1/STRUCTURED-4K-ONLY/seed2024/test_predictions.jsonl
nllb-600m,exp1,STRUCTURED-4K-ONLY,42,combined,1455,23.18,30.91,30.78,multi,54,experiments/results/rebuttal_repaired_20260502/nllb-600m/exp1/STRUCTURED-4K-ONLY/seed42/test_predictions.jsonl
nllb-600m,exp1,STRUCTURED-4K-ONLY,42,structured,455,96.54,97.97,97.94,multi,54,experiments/results/rebuttal_repaired_20260502/nllb-600m/exp1/STRUCTURED-4K-ONLY/seed42/test_predictions.jsonl
nllb-600m,exp1,STRUCTURED-4K-ONLY,42,tatoeba,1000,0.71,12.85,12.01,multi,0,experiments/results/rebuttal_repaired_20260502/nllb-600m/exp1/STRUCTURED-4K-ONLY/seed42/test_predictions.jsonl
nllb-600m,exp1,STRUCTURED-4K-ONLY,456,combined,1455,19.1,30.06,29.99,multi,54,experiments/results/rebuttal_repaired_20260502/nllb-600m/exp1/STRUCTURED-4K-ONLY/seed456/test_predictions.jsonl
nllb-600m,exp1,STRUCTURED-4K-ONLY,456,structured,455,95.4,97.06,96.99,multi,54,experiments/results/rebuttal_repaired_20260502/nllb-600m/exp1/STRUCTURED-4K-ONLY/seed456/test_predictions.jsonl
nllb-600m,exp1,STRUCTURED-4K-ONLY,456,tatoeba,1000,0.51,12.92,12.17,multi,0,experiments/results/rebuttal_repaired_20260502/nllb-600m/exp1/STRUCTURED-4K-ONLY/seed456/test_predictions.jsonl
nllb-600m,exp1,STRUCTURED-4K-ONLY,789,combined,1455,23.17,30.56,30.5,multi,54,experiments/results/rebuttal_repaired_20260502/nllb-600m/exp1/STRUCTURED-4K-ONLY/seed789/test_predictions.jsonl
nllb-600m,exp1,STRUCTURED-4K-ONLY,789,structured,455,96.21,97.8,97.78,multi,54,experiments/results/rebuttal_repaired_20260502/nllb-600m/exp1/STRUCTURED-4K-ONLY/seed789/test_predictions.jsonl
nllb-600m,exp1,STRUCTURED-4K-ONLY,789,tatoeba,1000,0.58,12.79,11.95,multi,0,experiments/results/rebuttal_repaired_20260502/nllb-600m/exp1/STRUCTURED-4K-ONLY/seed789/test_predictions.jsonl
nllb-600m,exp2,RANDOM-1000,123,combined,1455,2.67,22.29,20.07,multi,54,experiments/results/rebuttal_repaired_20260502/nllb-600m/exp2/RANDOM-1000/seed123/test_predictions.jsonl
nllb-600m,exp2,RANDOM-1000,123,structured,455,3.33,25.76,23.58,multi,54,experiments/results/rebuttal_repaired_20260502/nllb-600m/exp2/RANDOM-1000/seed123/test_predictions.jsonl
nllb-600m,exp2,RANDOM-1000,123,tatoeba,1000,2.5,21.39,19.12,multi,0,experiments/results/rebuttal_repaired_20260502/nllb-600m/exp2/RANDOM-1000/seed123/test_predictions.jsonl
nllb-600m,exp2,RANDOM-1000,2024,combined,1455,2.73,22.66,20.7,multi,54,experiments/results/rebuttal_repaired_20260502/nllb-600m/exp2/RANDOM-1000/seed2024/test_predictions.jsonl
nllb-600m,exp2,RANDOM-1000,2024,structured,455,3.52,26.57,24.64,multi,54,experiments/results/rebuttal_repaired_20260502/nllb-600m/exp2/RANDOM-1000/seed2024/test_predictions.jsonl
nllb-600m,exp2,RANDOM-1000,2024,tatoeba,1000,2.52,21.63,19.62,multi,0,experiments/results/rebuttal_repaired_20260502/nllb-600m/exp2/RANDOM-1000/seed2024/test_predictions.jsonl
nllb-600m,exp2,RANDOM-1000,42,combined,1455,2.67,22.5,20.49,multi,54,experiments/results/rebuttal_repaired_20260502/nllb-600m/exp2/RANDOM-1000/seed42/test_predictions.jsonl
nllb-600m,exp2,RANDOM-1000,42,structured,455,3.69,24.46,22.71,multi,54,experiments/results/rebuttal_repaired_20260502/nllb-600m/exp2/RANDOM-1000/seed42/test_predictions.jsonl
nllb-600m,exp2,RANDOM-1000,42,tatoeba,1000,2.39,21.98,19.87,multi,0,experiments/results/rebuttal_repaired_20260502/nllb-600m/exp2/RANDOM-1000/seed42/test_predictions.jsonl
nllb-600m,exp2,RANDOM-1000,456,combined,1455,3.01,22.61,20.64,multi,54,experiments/results/rebuttal_repaired_20260502/nllb-600m/exp2/RANDOM-1000/seed456/test_predictions.jsonl
nllb-600m,exp2,RANDOM-1000,456,structured,455,4.15,26.13,23.94,multi,54,experiments/results/rebuttal_repaired_20260502/nllb-600m/exp2/RANDOM-1000/seed456/test_predictions.jsonl
nllb-600m,exp2,RANDOM-1000,456,tatoeba,1000,2.76,21.69,19.76,multi,0,experiments/results/rebuttal_repaired_20260502/nllb-600m/exp2/RANDOM-1000/seed456/test_predictions.jsonl
nllb-600m,exp2,RANDOM-1000,789,combined,1455,2.69,22.12,20.15,multi,54,experiments/results/rebuttal_repaired_20260502/nllb-600m/exp2/RANDOM-1000/seed789/test_predictions.jsonl
nllb-600m,exp2,RANDOM-1000,789,structured,455,4.09,26.42,24.2,multi,54,experiments/results/rebuttal_repaired_20260502/nllb-600m/exp2/RANDOM-1000/seed789/test_predictions.jsonl
nllb-600m,exp2,RANDOM-1000,789,tatoeba,1000,2.34,21.04,19.11,multi,0,experiments/results/rebuttal_repaired_20260502/nllb-600m/exp2/RANDOM-1000/seed789/test_predictions.jsonl
nllb-600m,exp2,RANDOM-10000,123,combined,1455,4.25,29.94,27.0,multi,54,experiments/results/rebuttal_repaired_20260502/nllb-600m/exp2/RANDOM-10000/seed123/test_predictions.jsonl
nllb-600m,exp2,RANDOM-10000,123,structured,455,5.44,37.04,33.08,multi,54,experiments/results/rebuttal_repaired_20260502/nllb-600m/exp2/RANDOM-10000/seed123/test_predictions.jsonl
nllb-600m,exp2,RANDOM-10000,123,tatoeba,1000,3.88,28.07,25.39,multi,0,experiments/results/rebuttal_repaired_20260502/nllb-600m/exp2/RANDOM-10000/seed123/test_predictions.jsonl
nllb-600m,exp2,RANDOM-10000,2024,combined,1455,4.33,31.13,27.78,multi,54,experiments/results/rebuttal_repaired_20260502/nllb-600m/exp2/RANDOM-10000/seed2024/test_predictions.jsonl
nllb-600m,exp2,RANDOM-10000,2024,structured,455,3.42,36.53,31.82,multi,54,experiments/results/rebuttal_repaired_20260502/nllb-600m/exp2/RANDOM-10000/seed2024/test_predictions.jsonl
nllb-600m,exp2,RANDOM-10000,2024,tatoeba,1000,4.51,29.66,26.69,multi,0,experiments/results/rebuttal_repaired_20260502/nllb-600m/exp2/RANDOM-10000/seed2024/test_predictions.jsonl
nllb-600m,exp2,RANDOM-10000,42,combined,1455,3.93,29.13,26.24,multi,54,experiments/results/rebuttal_repaired_20260502/nllb-600m/exp2/RANDOM-10000/seed42/test_predictions.jsonl
nllb-600m,exp2,RANDOM-10000,42,structured,455,4.76,34.78,31.07,multi,54,experiments/results/rebuttal_repaired_20260502/nllb-600m/exp2/RANDOM-10000/seed42/test_predictions.jsonl
nllb-600m,exp2,RANDOM-10000,42,tatoeba,1000,3.65,27.54,24.87,multi,0,experiments/results/rebuttal_repaired_20260502/nllb-600m/exp2/RANDOM-10000/seed42/test_predictions.jsonl
nllb-600m,exp2,RANDOM-10000,456,combined,1455,4.01,29.27,26.61,multi,54,experiments/results/rebuttal_repaired_20260502/nllb-600m/exp2/RANDOM-10000/seed456/test_predictions.jsonl
nllb-600m,exp2,RANDOM-10000,456,structured,455,4.43,35.23,31.99,multi,54,experiments/results/rebuttal_repaired_20260502/nllb-600m/exp2/RANDOM-10000/seed456/test_predictions.jsonl
nllb-600m,exp2,RANDOM-10000,456,tatoeba,1000,3.82,27.67,25.14,multi,0,experiments/results/rebuttal_repaired_20260502/nllb-600m/exp2/RANDOM-10000/seed456/test_predictions.jsonl
nllb-600m,exp2,RANDOM-10000,789,combined,1455,3.99,30.14,27.01,multi,54,experiments/results/rebuttal_repaired_20260502/nllb-600m/exp2/RANDOM-10000/seed789/test_predictions.jsonl
nllb-600m,exp2,RANDOM-10000,789,structured,455,4.13,33.4,30.05,multi,54,experiments/results/rebuttal_repaired_20260502/nllb-600m/exp2/RANDOM-10000/seed789/test_predictions.jsonl
nllb-600m,exp2,RANDOM-10000,789,tatoeba,1000,3.94,29.2,26.12,multi,0,experiments/results/rebuttal_repaired_20260502/nllb-600m/exp2/RANDOM-10000/seed789/test_predictions.jsonl
nllb-600m,exp2,RANDOM-200,123,combined,1455,0.48,13.7,12.47,multi,54,experiments/results/rebuttal_repaired_20260502/nllb-600m/exp2/RANDOM-200/seed123/test_predictions.jsonl
nllb-600m,exp2,RANDOM-200,123,structured,455,0.49,14.61,13.19,multi,54,experiments/results/rebuttal_repaired_20260502/nllb-600m/exp2/RANDOM-200/seed123/test_predictions.jsonl
nllb-600m,exp2,RANDOM-200,123,tatoeba,1000,0.51,13.44,12.27,multi,0,experiments/results/rebuttal_repaired_20260502/nllb-600m/exp2/RANDOM-200/seed123/test_predictions.jsonl
nllb-600m,exp2,RANDOM-200,2024,combined,1455,0.52,14.25,12.91,multi,54,experiments/results/rebuttal_repaired_20260502/nllb-600m/exp2/RANDOM-200/seed2024/test_predictions.jsonl
nllb-600m,exp2,RANDOM-200,2024,structured,455,1.0,15.36,14.01,multi,54,experiments/results/rebuttal_repaired_20260502/nllb-600m/exp2/RANDOM-200/seed2024/test_predictions.jsonl
nllb-600m,exp2,RANDOM-200,2024,tatoeba,1000,0.48,13.96,12.62,multi,0,experiments/results/rebuttal_repaired_20260502/nllb-600m/exp2/RANDOM-200/seed2024/test_predictions.jsonl
nllb-600m,exp2,RANDOM-200,42,combined,1455,0.4,13.21,11.91,multi,54,experiments/results/rebuttal_repaired_20260502/nllb-600m/exp2/RANDOM-200/seed42/test_predictions.jsonl
nllb-600m,exp2,RANDOM-200,42,structured,455,0.42,13.83,12.49,multi,54,experiments/results/rebuttal_repaired_20260502/nllb-600m/exp2/RANDOM-200/seed42/test_predictions.jsonl
nllb-600m,exp2,RANDOM-200,42,tatoeba,1000,0.44,13.04,11.75,multi,0,experiments/results/rebuttal_repaired_20260502/nllb-600m/exp2/RANDOM-200/seed42/test_predictions.jsonl
nllb-600m,exp2,RANDOM-200,456,combined,1455,0.37,13.55,12.17,multi,54,experiments/results/rebuttal_repaired_20260502/nllb-600m/exp2/RANDOM-200/seed456/test_predictions.jsonl
nllb-600m,exp2,RANDOM-200,456,structured,455,0.44,15.4,13.74,multi,54,experiments/results/rebuttal_repaired_20260502/nllb-600m/exp2/RANDOM-200/seed456/test_predictions.jsonl
nllb-600m,exp2,RANDOM-200,456,tatoeba,1000,0.39,13.07,11.75,multi,0,experiments/results/rebuttal_repaired_20260502/nllb-600m/exp2/RANDOM-200/seed456/test_predictions.jsonl
nllb-600m,exp2,RANDOM-200,789,combined,1455,0.37,10.69,9.78,multi,54,experiments/results/rebuttal_repaired_20260502/nllb-600m/exp2/RANDOM-200/seed789/test_predictions.jsonl
nllb-600m,exp2,RANDOM-200,789,structured,455,0.21,11.4,10.38,multi,54,experiments/results/rebuttal_repaired_20260502/nllb-600m/exp2/RANDOM-200/seed789/test_predictions.jsonl
nllb-600m,exp2,RANDOM-200,789,tatoeba,1000,0.41,10.5,9.62,multi,0,experiments/results/rebuttal_repaired_20260502/nllb-600m/exp2/RANDOM-200/seed789/test_predictions.jsonl
nllb-600m,exp2,RANDOM-2000,123,combined,1455,3.09,26.01,23.48,multi,54,experiments/results/rebuttal_repaired_20260502/nllb-600m/exp2/RANDOM-2000/seed123/test_predictions.jsonl
nllb-600m,exp2,RANDOM-2000,123,structured,455,5.04,32.45,29.16,multi,54,experiments/results/rebuttal_repaired_20260502/nllb-600m/exp2/RANDOM-2000/seed123/test_predictions.jsonl
nllb-600m,exp2,RANDOM-2000,123,tatoeba,1000,2.54,24.33,21.97,multi,0,experiments/results/rebuttal_repaired_20260502/nllb-600m/exp2/RANDOM-2000/seed123/test_predictions.jsonl
nllb-600m,exp2,RANDOM-2000,2024,combined,1455,3.01,25.69,23.16,multi,54,experiments/results/rebuttal_repaired_20260502/nllb-600m/exp2/RANDOM-2000/seed2024/test_predictions.jsonl
nllb-600m,exp2,RANDOM-2000,2024,structured,455,2.25,31.24,27.94,multi,54,experiments/results/rebuttal_repaired_20260502/nllb-600m/exp2/RANDOM-2000/seed2024/test_predictions.jsonl
nllb-600m,exp2,RANDOM-2000,2024,tatoeba,1000,3.08,24.23,21.87,multi,0,experiments/results/rebuttal_repaired_20260502/nllb-600m/exp2/RANDOM-2000/seed2024/test_predictions.jsonl
nllb-600m,exp2,RANDOM-2000,42,combined,1455,3.53,25.53,23.09,multi,54,experiments/results/rebuttal_repaired_20260502/nllb-600m/exp2/RANDOM-2000/seed42/test_predictions.jsonl
nllb-600m,exp2,RANDOM-2000,42,structured,455,6.25,30.61,27.84,multi,54,experiments/results/rebuttal_repaired_20260502/nllb-600m/exp2/RANDOM-2000/seed42/test_predictions.jsonl
nllb-600m,exp2,RANDOM-2000,42,tatoeba,1000,2.85,24.21,21.82,multi,0,experiments/results/rebuttal_repaired_20260502/nllb-600m/exp2/RANDOM-2000/seed42/test_predictions.jsonl
nllb-600m,exp2,RANDOM-2000,456,combined,1455,2.92,25.2,22.69,multi,54,experiments/results/rebuttal_repaired_20260502/nllb-600m/exp2/RANDOM-2000/seed456/test_predictions.jsonl
nllb-600m,exp2,RANDOM-2000,456,structured,455,3.62,29.99,26.99,multi,54,experiments/results/rebuttal_repaired_20260502/nllb-600m/exp2/RANDOM-2000/seed456/test_predictions.jsonl
nllb-600m,exp2,RANDOM-2000,456,tatoeba,1000,2.64,23.98,21.56,multi,0,experiments/results/rebuttal_repaired_20260502/nllb-600m/exp2/RANDOM-2000/seed456/test_predictions.jsonl
nllb-600m,exp2,RANDOM-2000,789,combined,1455,3.25,26.38,23.59,multi,54,experiments/results/rebuttal_repaired_20260502/nllb-600m/exp2/RANDOM-2000/seed789/test_predictions.jsonl
nllb-600m,exp2,RANDOM-2000,789,structured,455,4.56,32.37,28.7,multi,54,experiments/results/rebuttal_repaired_20260502/nllb-600m/exp2/RANDOM-2000/seed789/test_predictions.jsonl
nllb-600m,exp2,RANDOM-2000,789,tatoeba,1000,2.95,24.84,22.25,multi,0,experiments/results/rebuttal_repaired_20260502/nllb-600m/exp2/RANDOM-2000/seed789/test_predictions.jsonl
nllb-600m,exp2,RANDOM-4000,123,combined,1455,3.53,28.61,25.56,multi,54,experiments/results/rebuttal_repaired_20260502/nllb-600m/exp2/RANDOM-4000/seed123/test_predictions.jsonl
nllb-600m,exp2,RANDOM-4000,123,structured,455,4.58,34.67,30.5,multi,54,experiments/results/rebuttal_repaired_20260502/nllb-600m/exp2/RANDOM-4000/seed123/test_predictions.jsonl
nllb-600m,exp2,RANDOM-4000,123,tatoeba,1000,3.2,27.01,24.25,multi,0,experiments/results/rebuttal_repaired_20260502/nllb-600m/exp2/RANDOM-4000/seed123/test_predictions.jsonl
nllb-600m,exp2,RANDOM-4000,2024,combined,1455,3.6,28.88,25.89,multi,54,experiments/results/rebuttal_repaired_20260502/nllb-600m/exp2/RANDOM-4000/seed2024/test_predictions.jsonl
nllb-600m,exp2,RANDOM-4000,2024,structured,455,3.85,35.24,31.18,multi,54,experiments/results/rebuttal_repaired_20260502/nllb-600m/exp2/RANDOM-4000/seed2024/test_predictions.jsonl
nllb-600m,exp2,RANDOM-4000,2024,tatoeba,1000,3.5,27.22,24.49,multi,0,experiments/results/rebuttal_repaired_20260502/nllb-600m/exp2/RANDOM-4000/seed2024/test_predictions.jsonl
nllb-600m,exp2,RANDOM-4000,42,combined,1455,3.67,29.02,25.89,multi,54,experiments/results/rebuttal_repaired_20260502/nllb-600m/exp2/RANDOM-4000/seed42/test_predictions.jsonl
nllb-600m,exp2,RANDOM-4000,42,structured,455,4.24,35.83,31.59,multi,54,experiments/results/rebuttal_repaired_20260502/nllb-600m/exp2/RANDOM-4000/seed42/test_predictions.jsonl
nllb-600m,exp2,RANDOM-4000,42,tatoeba,1000,3.53,27.26,24.39,multi,0,experiments/results/rebuttal_repaired_20260502/nllb-600m/exp2/RANDOM-4000/seed42/test_predictions.jsonl
nllb-600m,exp2,RANDOM-4000,456,combined,1455,3.88,29.2,26.07,multi,54,experiments/results/rebuttal_repaired_20260502/nllb-600m/exp2/RANDOM-4000/seed456/test_predictions.jsonl
nllb-600m,exp2,RANDOM-4000,456,structured,455,4.65,35.68,31.4,multi,54,experiments/results/rebuttal_repaired_20260502/nllb-600m/exp2/RANDOM-4000/seed456/test_predictions.jsonl
nllb-600m,exp2,RANDOM-4000,456,tatoeba,1000,3.69,27.5,24.65,multi,0,experiments/results/rebuttal_repaired_20260502/nllb-600m/exp2/RANDOM-4000/seed456/test_predictions.jsonl
nllb-600m,exp2,RANDOM-4000,789,combined,1455,3.97,29.45,26.45,multi,54,experiments/results/rebuttal_repaired_20260502/nllb-600m/exp2/RANDOM-4000/seed789/test_predictions.jsonl
nllb-600m,exp2,RANDOM-4000,789,structured,455,4.98,36.02,32.0,multi,54,experiments/results/rebuttal_repaired_20260502/nllb-600m/exp2/RANDOM-4000/seed789/test_predictions.jsonl
nllb-600m,exp2,RANDOM-4000,789,tatoeba,1000,3.71,27.75,24.99,multi,0,experiments/results/rebuttal_repaired_20260502/nllb-600m/exp2/RANDOM-4000/seed789/test_predictions.jsonl
nllb-600m,exp2,RANDOM-500,123,combined,1455,2.2,19.55,17.82,multi,54,experiments/results/rebuttal_repaired_20260502/nllb-600m/exp2/RANDOM-500/seed123/test_predictions.jsonl
nllb-600m,exp2,RANDOM-500,123,structured,455,3.83,23.46,21.89,multi,54,experiments/results/rebuttal_repaired_20260502/nllb-600m/exp2/RANDOM-500/seed123/test_predictions.jsonl
nllb-600m,exp2,RANDOM-500,123,tatoeba,1000,1.83,18.54,16.72,multi,0,experiments/results/rebuttal_repaired_20260502/nllb-600m/exp2/RANDOM-500/seed123/test_predictions.jsonl
nllb-600m,exp2,RANDOM-500,2024,combined,1455,1.74,19.04,17.24,multi,54,experiments/results/rebuttal_repaired_20260502/nllb-600m/exp2/RANDOM-500/seed2024/test_predictions.jsonl
nllb-600m,exp2,RANDOM-500,2024,structured,455,3.44,23.41,21.05,multi,54,experiments/results/rebuttal_repaired_20260502/nllb-600m/exp2/RANDOM-500/seed2024/test_predictions.jsonl
nllb-600m,exp2,RANDOM-500,2024,tatoeba,1000,1.29,17.92,16.25,multi,0,experiments/results/rebuttal_repaired_20260502/nllb-600m/exp2/RANDOM-500/seed2024/test_predictions.jsonl
nllb-600m,exp2,RANDOM-500,42,combined,1455,2.47,19.41,17.75,multi,54,experiments/results/rebuttal_repaired_20260502/nllb-600m/exp2/RANDOM-500/seed42/test_predictions.jsonl
nllb-600m,exp2,RANDOM-500,42,structured,455,4.81,23.55,21.85,multi,54,experiments/results/rebuttal_repaired_20260502/nllb-600m/exp2/RANDOM-500/seed42/test_predictions.jsonl
nllb-600m,exp2,RANDOM-500,42,tatoeba,1000,1.83,18.33,16.64,multi,0,experiments/results/rebuttal_repaired_20260502/nllb-600m/exp2/RANDOM-500/seed42/test_predictions.jsonl
nllb-600m,exp2,RANDOM-500,456,combined,1455,1.75,19.62,17.7,multi,54,experiments/results/rebuttal_repaired_20260502/nllb-600m/exp2/RANDOM-500/seed456/test_predictions.jsonl
nllb-600m,exp2,RANDOM-500,456,structured,455,2.85,22.69,20.78,multi,54,experiments/results/rebuttal_repaired_20260502/nllb-600m/exp2/RANDOM-500/seed456/test_predictions.jsonl
nllb-600m,exp2,RANDOM-500,456,tatoeba,1000,1.48,18.83,16.87,multi,0,experiments/results/rebuttal_repaired_20260502/nllb-600m/exp2/RANDOM-500/seed456/test_predictions.jsonl
nllb-600m,exp2,RANDOM-500,789,combined,1455,2.03,19.67,17.88,multi,54,experiments/results/rebuttal_repaired_20260502/nllb-600m/exp2/RANDOM-500/seed789/test_predictions.jsonl
nllb-600m,exp2,RANDOM-500,789,structured,455,3.56,23.78,21.83,multi,54,experiments/results/rebuttal_repaired_20260502/nllb-600m/exp2/RANDOM-500/seed789/test_predictions.jsonl
nllb-600m,exp2,RANDOM-500,789,tatoeba,1000,1.62,18.59,16.81,multi,0,experiments/results/rebuttal_repaired_20260502/nllb-600m/exp2/RANDOM-500/seed789/test_predictions.jsonl
nllb-600m,exp2,RANDOM-6000,123,combined,1455,4.04,30.04,26.84,multi,54,experiments/results/rebuttal_repaired_20260502/nllb-600m/exp2/RANDOM-6000/seed123/test_predictions.jsonl
nllb-600m,exp2,RANDOM-6000,123,structured,455,4.14,35.62,31.75,multi,54,experiments/results/rebuttal_repaired_20260502/nllb-600m/exp2/RANDOM-6000/seed123/test_predictions.jsonl
nllb-600m,exp2,RANDOM-6000,123,tatoeba,1000,3.97,28.52,25.49,multi,0,experiments/results/rebuttal_repaired_20260502/nllb-600m/exp2/RANDOM-6000/seed123/test_predictions.jsonl
nllb-600m,exp2,RANDOM-6000,2024,combined,1455,3.87,29.59,26.55,multi,54,experiments/results/rebuttal_repaired_20260502/nllb-600m/exp2/RANDOM-6000/seed2024/test_predictions.jsonl
nllb-600m,exp2,RANDOM-6000,2024,structured,455,4.97,34.21,30.81,multi,54,experiments/results/rebuttal_repaired_20260502/nllb-600m/exp2/RANDOM-6000/seed2024/test_predictions.jsonl
nllb-600m,exp2,RANDOM-6000,2024,tatoeba,1000,3.58,28.35,25.38,multi,0,experiments/results/rebuttal_repaired_20260502/nllb-600m/exp2/RANDOM-6000/seed2024/test_predictions.jsonl
nllb-600m,exp2,RANDOM-6000,42,combined,1455,3.5,29.39,26.48,multi,54,experiments/results/rebuttal_repaired_20260502/nllb-600m/exp2/RANDOM-6000/seed42/test_predictions.jsonl
nllb-600m,exp2,RANDOM-6000,42,structured,455,4.44,34.19,30.53,multi,54,experiments/results/rebuttal_repaired_20260502/nllb-600m/exp2/RANDOM-6000/seed42/test_predictions.jsonl
nllb-600m,exp2,RANDOM-6000,42,tatoeba,1000,3.25,28.09,25.38,multi,0,experiments/results/rebuttal_repaired_20260502/nllb-600m/exp2/RANDOM-6000/seed42/test_predictions.jsonl
nllb-600m,exp2,RANDOM-6000,456,combined,1455,4.24,30.66,27.31,multi,54,experiments/results/rebuttal_repaired_20260502/nllb-600m/exp2/RANDOM-6000/seed456/test_predictions.jsonl
nllb-600m,exp2,RANDOM-6000,456,structured,455,5.46,37.65,33.17,multi,54,experiments/results/rebuttal_repaired_20260502/nllb-600m/exp2/RANDOM-6000/seed456/test_predictions.jsonl
nllb-600m,exp2,RANDOM-6000,456,tatoeba,1000,3.96,28.84,25.76,multi,0,experiments/results/rebuttal_repaired_20260502/nllb-600m/exp2/RANDOM-6000/seed456/test_predictions.jsonl
nllb-600m,exp2,RANDOM-6000,789,combined,1455,4.31,30.3,27.08,multi,54,experiments/results/rebuttal_repaired_20260502/nllb-600m/exp2/RANDOM-6000/seed789/test_predictions.jsonl
nllb-600m,exp2,RANDOM-6000,789,structured,455,3.06,34.23,30.13,multi,54,experiments/results/rebuttal_repaired_20260502/nllb-600m/exp2/RANDOM-6000/seed789/test_predictions.jsonl
nllb-600m,exp2,RANDOM-6000,789,tatoeba,1000,4.58,29.22,26.24,multi,0,experiments/results/rebuttal_repaired_20260502/nllb-600m/exp2/RANDOM-6000/seed789/test_predictions.jsonl
nllb-600m,exp2,RANDOM-6K_STRUCTURED-1000,123,combined,1455,21.41,39.87,38.31,multi,54,experiments/results/rebuttal_repaired_20260502/nllb-600m/exp2/RANDOM-6K_STRUCTURED-1000/seed123/test_predictions.jsonl
nllb-600m,exp2,RANDOM-6K_STRUCTURED-1000,123,structured,455,80.84,89.63,88.94,multi,54,experiments/results/rebuttal_repaired_20260502/nllb-600m/exp2/RANDOM-6K_STRUCTURED-1000/seed123/test_predictions.jsonl
nllb-600m,exp2,RANDOM-6K_STRUCTURED-1000,123,tatoeba,1000,3.6,27.29,24.8,multi,0,experiments/results/rebuttal_repaired_20260502/nllb-600m/exp2/RANDOM-6K_STRUCTURED-1000/seed123/test_predictions.jsonl
nllb-600m,exp2,RANDOM-6K_STRUCTURED-1000,2024,combined,1455,19.69,39.96,38.17,multi,54,experiments/results/rebuttal_repaired_20260502/nllb-600m/exp2/RANDOM-6K_STRUCTURED-1000/seed2024/test_predictions.jsonl
nllb-600m,exp2,RANDOM-6K_STRUCTURED-1000,2024,structured,455,85.11,91.98,91.33,multi,54,experiments/results/rebuttal_repaired_20260502/nllb-600m/exp2/RANDOM-6K_STRUCTURED-1000/seed2024/test_predictions.jsonl
nllb-600m,exp2,RANDOM-6K_STRUCTURED-1000,2024,tatoeba,1000,3.05,27.12,24.32,multi,0,experiments/results/rebuttal_repaired_20260502/nllb-600m/exp2/RANDOM-6K_STRUCTURED-1000/seed2024/test_predictions.jsonl
nllb-600m,exp2,RANDOM-6K_STRUCTURED-1000,42,combined,1455,21.82,40.54,38.84,multi,54,experiments/results/rebuttal_repaired_20260502/nllb-600m/exp2/RANDOM-6K_STRUCTURED-1000/seed42/test_predictions.jsonl
nllb-600m,exp2,RANDOM-6K_STRUCTURED-1000,42,structured,455,82.86,89.89,89.3,multi,54,experiments/results/rebuttal_repaired_20260502/nllb-600m/exp2/RANDOM-6K_STRUCTURED-1000/seed42/test_predictions.jsonl
nllb-600m,exp2,RANDOM-6K_STRUCTURED-1000,42,tatoeba,1000,4.12,28.11,25.42,multi,0,experiments/results/rebuttal_repaired_20260502/nllb-600m/exp2/RANDOM-6K_STRUCTURED-1000/seed42/test_predictions.jsonl
nllb-600m,exp2,RANDOM-6K_STRUCTURED-1000,456,combined,1455,23.59,42.38,40.55,multi,54,experiments/results/rebuttal_repaired_20260502/nllb-600m/exp2/RANDOM-6K_STRUCTURED-1000/seed456/test_predictions.jsonl
nllb-600m,exp2,RANDOM-6K_STRUCTURED-1000,456,structured,455,89.68,94.64,94.15,multi,54,experiments/results/rebuttal_repaired_20260502/nllb-600m/exp2/RANDOM-6K_STRUCTURED-1000/seed456/test_predictions.jsonl
nllb-600m,exp2,RANDOM-6K_STRUCTURED-1000,456,tatoeba,1000,4.59,29.01,26.13,multi,0,experiments/results/rebuttal_repaired_20260502/nllb-600m/exp2/RANDOM-6K_STRUCTURED-1000/seed456/test_predictions.jsonl
nllb-600m,exp2,RANDOM-6K_STRUCTURED-1000,789,combined,1455,23.2,41.58,39.73,multi,54,experiments/results/rebuttal_repaired_20260502/nllb-600m/exp2/RANDOM-6K_STRUCTURED-1000/seed789/test_predictions.jsonl
nllb-600m,exp2,RANDOM-6K_STRUCTURED-1000,789,structured,455,87.16,92.65,92.22,multi,54,experiments/results/rebuttal_repaired_20260502/nllb-600m/exp2/RANDOM-6K_STRUCTURED-1000/seed789/test_predictions.jsonl
nllb-600m,exp2,RANDOM-6K_STRUCTURED-1000,789,tatoeba,1000,4.29,28.39,25.49,multi,0,experiments/results/rebuttal_repaired_20260502/nllb-600m/exp2/RANDOM-6K_STRUCTURED-1000/seed789/test_predictions.jsonl
nllb-600m,exp2,RANDOM-6K_STRUCTURED-2000,123,combined,1455,24.06,42.47,40.73,multi,54,experiments/results/rebuttal_repaired_20260502/nllb-600m/exp2/RANDOM-6K_STRUCTURED-2000/seed123/test_predictions.jsonl
nllb-600m,exp2,RANDOM-6K_STRUCTURED-2000,123,structured,455,92.45,95.73,95.52,multi,54,experiments/results/rebuttal_repaired_20260502/nllb-600m/exp2/RANDOM-6K_STRUCTURED-2000/seed123/test_predictions.jsonl
nllb-600m,exp2,RANDOM-6K_STRUCTURED-2000,123,tatoeba,1000,3.75,28.86,25.97,multi,0,experiments/results/rebuttal_repaired_20260502/nllb-600m/exp2/RANDOM-6K_STRUCTURED-2000/seed123/test_predictions.jsonl
nllb-600m,exp2,RANDOM-6K_STRUCTURED-2000,2024,combined,1455,25.56,42.49,40.95,multi,54,experiments/results/rebuttal_repaired_20260502/nllb-600m/exp2/RANDOM-6K_STRUCTURED-2000/seed2024/test_predictions.jsonl
nllb-600m,exp2,RANDOM-6K_STRUCTURED-2000,2024,structured,455,93.78,96.46,96.3,multi,54,experiments/results/rebuttal_repaired_20260502/nllb-600m/exp2/RANDOM-6K_STRUCTURED-2000/seed2024/test_predictions.jsonl
nllb-600m,exp2,RANDOM-6K_STRUCTURED-2000,2024,tatoeba,1000,4.94,28.62,25.96,multi,0,experiments/results/rebuttal_repaired_20260502/nllb-600m/exp2/RANDOM-6K_STRUCTURED-2000/seed2024/test_predictions.jsonl
nllb-600m,exp2,RANDOM-6K_STRUCTURED-2000,42,combined,1455,23.18,41.06,39.5,multi,54,experiments/results/rebuttal_repaired_20260502/nllb-600m/exp2/RANDOM-6K_STRUCTURED-2000/seed42/test_predictions.jsonl
nllb-600m,exp2,RANDOM-6K_STRUCTURED-2000,42,structured,455,91.89,95.55,95.24,multi,54,experiments/results/rebuttal_repaired_20260502/nllb-600m/exp2/RANDOM-6K_STRUCTURED-2000/seed42/test_predictions.jsonl
nllb-600m,exp2,RANDOM-6K_STRUCTURED-2000,42,tatoeba,1000,3.23,27.19,24.58,multi,0,experiments/results/rebuttal_repaired_20260502/nllb-600m/exp2/RANDOM-6K_STRUCTURED-2000/seed42/test_predictions.jsonl
nllb-600m,exp2,RANDOM-6K_STRUCTURED-2000,456,combined,1455,26.28,43.23,41.58,multi,54,experiments/results/rebuttal_repaired_20260502/nllb-600m/exp2/RANDOM-6K_STRUCTURED-2000/seed456/test_predictions.jsonl
nllb-600m,exp2,RANDOM-6K_STRUCTURED-2000,456,structured,455,95.7,97.55,97.47,multi,54,experiments/results/rebuttal_repaired_20260502/nllb-600m/exp2/RANDOM-6K_STRUCTURED-2000/seed456/test_predictions.jsonl
nllb-600m,exp2,RANDOM-6K_STRUCTURED-2000,456,tatoeba,1000,4.66,29.22,26.38,multi,0,experiments/results/rebuttal_repaired_20260502/nllb-600m/exp2/RANDOM-6K_STRUCTURED-2000/seed456/test_predictions.jsonl
nllb-600m,exp2,RANDOM-6K_STRUCTURED-2000,789,combined,1455,24.93,41.89,40.33,multi,54,experiments/results/rebuttal_repaired_20260502/nllb-600m/exp2/RANDOM-6K_STRUCTURED-2000/seed789/test_predictions.jsonl
nllb-600m,exp2,RANDOM-6K_STRUCTURED-2000,789,structured,455,93.41,96.25,96.1,multi,54,experiments/results/rebuttal_repaired_20260502/nllb-600m/exp2/RANDOM-6K_STRUCTURED-2000/seed789/test_predictions.jsonl
nllb-600m,exp2,RANDOM-6K_STRUCTURED-2000,789,tatoeba,1000,4.18,28.09,25.36,multi,0,experiments/results/rebuttal_repaired_20260502/nllb-600m/exp2/RANDOM-6K_STRUCTURED-2000/seed789/test_predictions.jsonl
nllb-600m,exp2,RANDOM-6K_STRUCTURED-4000,123,combined,1455,25.91,42.81,41.1,multi,54,experiments/results/rebuttal_repaired_20260502/nllb-600m/exp2/RANDOM-6K_STRUCTURED-4000/seed123/test_predictions.jsonl
nllb-600m,exp2,RANDOM-6K_STRUCTURED-4000,123,structured,455,96.38,97.75,97.73,multi,54,experiments/results/rebuttal_repaired_20260502/nllb-600m/exp2/RANDOM-6K_STRUCTURED-4000/seed123/test_predictions.jsonl
nllb-600m,exp2,RANDOM-6K_STRUCTURED-4000,123,tatoeba,1000,3.53,28.65,25.7,multi,0,experiments/results/rebuttal_repaired_20260502/nllb-600m/exp2/RANDOM-6K_STRUCTURED-4000/seed123/test_predictions.jsonl
nllb-600m,exp2,RANDOM-6K_STRUCTURED-4000,2024,combined,1455,25.85,42.32,40.73,multi,54,experiments/results/rebuttal_repaired_20260502/nllb-600m/exp2/RANDOM-6K_STRUCTURED-4000/seed2024/test_predictions.jsonl
nllb-600m,exp2,RANDOM-6K_STRUCTURED-4000,2024,structured,455,95.34,97.12,97.11,multi,54,experiments/results/rebuttal_repaired_20260502/nllb-600m/exp2/RANDOM-6K_STRUCTURED-4000/seed2024/test_predictions.jsonl
nllb-600m,exp2,RANDOM-6K_STRUCTURED-4000,2024,tatoeba,1000,3.98,28.2,25.39,multi,0,experiments/results/rebuttal_repaired_20260502/nllb-600m/exp2/RANDOM-6K_STRUCTURED-4000/seed2024/test_predictions.jsonl
nllb-600m,exp2,RANDOM-6K_STRUCTURED-4000,42,combined,1455,24.86,41.98,40.44,multi,54,experiments/results/rebuttal_repaired_20260502/nllb-600m/exp2/RANDOM-6K_STRUCTURED-4000/seed42/test_predictions.jsonl
nllb-600m,exp2,RANDOM-6K_STRUCTURED-4000,42,structured,455,94.37,96.84,96.69,multi,54,experiments/results/rebuttal_repaired_20260502/nllb-600m/exp2/RANDOM-6K_STRUCTURED-4000/seed42/test_predictions.jsonl
nllb-600m,exp2,RANDOM-6K_STRUCTURED-4000,42,tatoeba,1000,4.04,28.06,25.36,multi,0,experiments/results/rebuttal_repaired_20260502/nllb-600m/exp2/RANDOM-6K_STRUCTURED-4000/seed42/test_predictions.jsonl
nllb-600m,exp2,RANDOM-6K_STRUCTURED-4000,456,combined,1455,24.7,42.07,40.47,multi,54,experiments/results/rebuttal_repaired_20260502/nllb-600m/exp2/RANDOM-6K_STRUCTURED-4000/seed456/test_predictions.jsonl
nllb-600m,exp2,RANDOM-6K_STRUCTURED-4000,456,structured,455,94.02,97.04,96.75,multi,54,experiments/results/rebuttal_repaired_20260502/nllb-600m/exp2/RANDOM-6K_STRUCTURED-4000/seed456/test_predictions.jsonl
nllb-600m,exp2,RANDOM-6K_STRUCTURED-4000,456,tatoeba,1000,4.08,27.97,25.28,multi,0,experiments/results/rebuttal_repaired_20260502/nllb-600m/exp2/RANDOM-6K_STRUCTURED-4000/seed456/test_predictions.jsonl
nllb-600m,exp2,RANDOM-6K_STRUCTURED-4000,789,combined,1455,26.03,42.93,41.17,multi,54,experiments/results/rebuttal_repaired_20260502/nllb-600m/exp2/RANDOM-6K_STRUCTURED-4000/seed789/test_predictions.jsonl
nllb-600m,exp2,RANDOM-6K_STRUCTURED-4000,789,structured,455,95.44,97.82,97.72,multi,54,experiments/results/rebuttal_repaired_20260502/nllb-600m/exp2/RANDOM-6K_STRUCTURED-4000/seed789/test_predictions.jsonl
nllb-600m,exp2,RANDOM-6K_STRUCTURED-4000,789,tatoeba,1000,3.97,28.66,25.65,multi,0,experiments/results/rebuttal_repaired_20260502/nllb-600m/exp2/RANDOM-6K_STRUCTURED-4000/seed789/test_predictions.jsonl
nllb-600m,exp2,RANDOM-6K_STRUCTURED-500,123,combined,1455,21.69,40.69,38.66,multi,54,experiments/results/rebuttal_repaired_20260502/nllb-600m/exp2/RANDOM-6K_STRUCTURED-500/seed123/test_predictions.jsonl
nllb-600m,exp2,RANDOM-6K_STRUCTURED-500,123,structured,455,78.68,88.22,87.38,multi,54,experiments/results/rebuttal_repaired_20260502/nllb-600m/exp2/RANDOM-6K_STRUCTURED-500/seed123/test_predictions.jsonl
nllb-600m,exp2,RANDOM-6K_STRUCTURED-500,123,tatoeba,1000,3.87,28.47,25.43,multi,0,experiments/results/rebuttal_repaired_20260502/nllb-600m/exp2/RANDOM-6K_STRUCTURED-500/seed123/test_predictions.jsonl
nllb-600m,exp2,RANDOM-6K_STRUCTURED-500,2024,combined,1455,20.89,40.83,38.7,multi,54,experiments/results/rebuttal_repaired_20260502/nllb-600m/exp2/RANDOM-6K_STRUCTURED-500/seed2024/test_predictions.jsonl
nllb-600m,exp2,RANDOM-6K_STRUCTURED-500,2024,structured,455,75.32,87.69,86.47,multi,54,experiments/results/rebuttal_repaired_20260502/nllb-600m/exp2/RANDOM-6K_STRUCTURED-500/seed2024/test_predictions.jsonl
nllb-600m,exp2,RANDOM-6K_STRUCTURED-500,2024,tatoeba,1000,3.85,28.76,25.73,multi,0,experiments/results/rebuttal_repaired_20260502/nllb-600m/exp2/RANDOM-6K_STRUCTURED-500/seed2024/test_predictions.jsonl
nllb-600m,exp2,RANDOM-6K_STRUCTURED-500,42,combined,1455,21.66,41.39,39.29,multi,54,experiments/results/rebuttal_repaired_20260502/nllb-600m/exp2/RANDOM-6K_STRUCTURED-500/seed42/test_predictions.jsonl
nllb-600m,exp2,RANDOM-6K_STRUCTURED-500,42,structured,455,78.37,88.58,87.67,multi,54,experiments/results/rebuttal_repaired_20260502/nllb-600m/exp2/RANDOM-6K_STRUCTURED-500/seed42/test_predictions.jsonl
nllb-600m,exp2,RANDOM-6K_STRUCTURED-500,42,tatoeba,1000,3.8,29.16,26.09,multi,0,experiments/results/rebuttal_repaired_20260502/nllb-600m/exp2/RANDOM-6K_STRUCTURED-500/seed42/test_predictions.jsonl
nllb-600m,exp2,RANDOM-6K_STRUCTURED-500,456,combined,1455,21.09,40.53,38.54,multi,54,experiments/results/rebuttal_repaired_20260502/nllb-600m/exp2/RANDOM-6K_STRUCTURED-500/seed456/test_predictions.jsonl
nllb-600m,exp2,RANDOM-6K_STRUCTURED-500,456,structured,455,75.72,87.6,86.51,multi,54,experiments/results/rebuttal_repaired_20260502/nllb-600m/exp2/RANDOM-6K_STRUCTURED-500/seed456/test_predictions.jsonl
nllb-600m,exp2,RANDOM-6K_STRUCTURED-500,456,tatoeba,1000,3.98,28.43,25.53,multi,0,experiments/results/rebuttal_repaired_20260502/nllb-600m/exp2/RANDOM-6K_STRUCTURED-500/seed456/test_predictions.jsonl
nllb-600m,exp2,RANDOM-6K_STRUCTURED-500,789,combined,1455,21.14,40.39,38.41,multi,54,experiments/results/rebuttal_repaired_20260502/nllb-600m/exp2/RANDOM-6K_STRUCTURED-500/seed789/test_predictions.jsonl
nllb-600m,exp2,RANDOM-6K_STRUCTURED-500,789,structured,455,75.55,86.74,85.79,multi,54,experiments/results/rebuttal_repaired_20260502/nllb-600m/exp2/RANDOM-6K_STRUCTURED-500/seed789/test_predictions.jsonl
nllb-600m,exp2,RANDOM-6K_STRUCTURED-500,789,tatoeba,1000,4.31,28.46,25.56,multi,0,experiments/results/rebuttal_repaired_20260502/nllb-600m/exp2/RANDOM-6K_STRUCTURED-500/seed789/test_predictions.jsonl
nllb-600m,exp2,RANDOM-8000,123,combined,1455,4.25,29.94,27.0,multi,54,experiments/results/rebuttal_repaired_20260502/nllb-600m/exp2/RANDOM-8000/seed123/test_predictions.jsonl
nllb-600m,exp2,RANDOM-8000,123,structured,455,5.44,37.04,33.08,multi,54,experiments/results/rebuttal_repaired_20260502/nllb-600m/exp2/RANDOM-8000/seed123/test_predictions.jsonl
nllb-600m,exp2,RANDOM-8000,123,tatoeba,1000,3.88,28.07,25.39,multi,0,experiments/results/rebuttal_repaired_20260502/nllb-600m/exp2/RANDOM-8000/seed123/test_predictions.jsonl
nllb-600m,exp2,RANDOM-8000,2024,combined,1455,4.33,31.13,27.78,multi,54,experiments/results/rebuttal_repaired_20260502/nllb-600m/exp2/RANDOM-8000/seed2024/test_predictions.jsonl
nllb-600m,exp2,RANDOM-8000,2024,structured,455,3.42,36.53,31.82,multi,54,experiments/results/rebuttal_repaired_20260502/nllb-600m/exp2/RANDOM-8000/seed2024/test_predictions.jsonl
nllb-600m,exp2,RANDOM-8000,2024,tatoeba,1000,4.51,29.66,26.69,multi,0,experiments/results/rebuttal_repaired_20260502/nllb-600m/exp2/RANDOM-8000/seed2024/test_predictions.jsonl
nllb-600m,exp2,RANDOM-8000,42,combined,1455,3.93,29.13,26.24,multi,54,experiments/results/rebuttal_repaired_20260502/nllb-600m/exp2/RANDOM-8000/seed42/test_predictions.jsonl
nllb-600m,exp2,RANDOM-8000,42,structured,455,4.76,34.78,31.07,multi,54,experiments/results/rebuttal_repaired_20260502/nllb-600m/exp2/RANDOM-8000/seed42/test_predictions.jsonl
nllb-600m,exp2,RANDOM-8000,42,tatoeba,1000,3.65,27.54,24.87,multi,0,experiments/results/rebuttal_repaired_20260502/nllb-600m/exp2/RANDOM-8000/seed42/test_predictions.jsonl
nllb-600m,exp2,RANDOM-8000,456,combined,1455,4.01,29.27,26.61,multi,54,experiments/results/rebuttal_repaired_20260502/nllb-600m/exp2/RANDOM-8000/seed456/test_predictions.jsonl
nllb-600m,exp2,RANDOM-8000,456,structured,455,4.43,35.23,31.99,multi,54,experiments/results/rebuttal_repaired_20260502/nllb-600m/exp2/RANDOM-8000/seed456/test_predictions.jsonl
nllb-600m,exp2,RANDOM-8000,456,tatoeba,1000,3.82,27.67,25.14,multi,0,experiments/results/rebuttal_repaired_20260502/nllb-600m/exp2/RANDOM-8000/seed456/test_predictions.jsonl
nllb-600m,exp2,RANDOM-8000,789,combined,1455,3.99,30.14,27.01,multi,54,experiments/results/rebuttal_repaired_20260502/nllb-600m/exp2/RANDOM-8000/seed789/test_predictions.jsonl
nllb-600m,exp2,RANDOM-8000,789,structured,455,4.13,33.4,30.05,multi,54,experiments/results/rebuttal_repaired_20260502/nllb-600m/exp2/RANDOM-8000/seed789/test_predictions.jsonl
nllb-600m,exp2,RANDOM-8000,789,tatoeba,1000,3.94,29.2,26.12,multi,0,experiments/results/rebuttal_repaired_20260502/nllb-600m/exp2/RANDOM-8000/seed789/test_predictions.jsonl
nllb-600m,exp2,REPLACE-R6000_S4000,123,combined,1455,25.91,42.81,41.1,multi,54,experiments/results/rebuttal_repaired_20260502/nllb-600m/exp2/REPLACE-R6000_S4000/seed123/test_predictions.jsonl
nllb-600m,exp2,REPLACE-R6000_S4000,123,structured,455,96.38,97.75,97.73,multi,54,experiments/results/rebuttal_repaired_20260502/nllb-600m/exp2/REPLACE-R6000_S4000/seed123/test_predictions.jsonl
nllb-600m,exp2,REPLACE-R6000_S4000,123,tatoeba,1000,3.53,28.65,25.7,multi,0,experiments/results/rebuttal_repaired_20260502/nllb-600m/exp2/REPLACE-R6000_S4000/seed123/test_predictions.jsonl
nllb-600m,exp2,REPLACE-R6000_S4000,2024,combined,1455,25.85,42.32,40.73,multi,54,experiments/results/rebuttal_repaired_20260502/nllb-600m/exp2/REPLACE-R6000_S4000/seed2024/test_predictions.jsonl
nllb-600m,exp2,REPLACE-R6000_S4000,2024,structured,455,95.34,97.12,97.11,multi,54,experiments/results/rebuttal_repaired_20260502/nllb-600m/exp2/REPLACE-R6000_S4000/seed2024/test_predictions.jsonl
nllb-600m,exp2,REPLACE-R6000_S4000,2024,tatoeba,1000,3.98,28.2,25.39,multi,0,experiments/results/rebuttal_repaired_20260502/nllb-600m/exp2/REPLACE-R6000_S4000/seed2024/test_predictions.jsonl
nllb-600m,exp2,REPLACE-R6000_S4000,42,combined,1455,24.86,41.98,40.44,multi,54,experiments/results/rebuttal_repaired_20260502/nllb-600m/exp2/REPLACE-R6000_S4000/seed42/test_predictions.jsonl
nllb-600m,exp2,REPLACE-R6000_S4000,42,structured,455,94.37,96.84,96.69,multi,54,experiments/results/rebuttal_repaired_20260502/nllb-600m/exp2/REPLACE-R6000_S4000/seed42/test_predictions.jsonl
nllb-600m,exp2,REPLACE-R6000_S4000,42,tatoeba,1000,4.04,28.06,25.36,multi,0,experiments/results/rebuttal_repaired_20260502/nllb-600m/exp2/REPLACE-R6000_S4000/seed42/test_predictions.jsonl
nllb-600m,exp2,REPLACE-R6000_S4000,456,combined,1455,24.7,42.07,40.47,multi,54,experiments/results/rebuttal_repaired_20260502/nllb-600m/exp2/REPLACE-R6000_S4000/seed456/test_predictions.jsonl
nllb-600m,exp2,REPLACE-R6000_S4000,456,structured,455,94.02,97.04,96.75,multi,54,experiments/results/rebuttal_repaired_20260502/nllb-600m/exp2/REPLACE-R6000_S4000/seed456/test_predictions.jsonl
nllb-600m,exp2,REPLACE-R6000_S4000,456,tatoeba,1000,4.08,27.97,25.28,multi,0,experiments/results/rebuttal_repaired_20260502/nllb-600m/exp2/REPLACE-R6000_S4000/seed456/test_predictions.jsonl
nllb-600m,exp2,REPLACE-R6000_S4000,789,combined,1455,26.03,42.93,41.17,multi,54,experiments/results/rebuttal_repaired_20260502/nllb-600m/exp2/REPLACE-R6000_S4000/seed789/test_predictions.jsonl
nllb-600m,exp2,REPLACE-R6000_S4000,789,structured,455,95.44,97.82,97.72,multi,54,experiments/results/rebuttal_repaired_20260502/nllb-600m/exp2/REPLACE-R6000_S4000/seed789/test_predictions.jsonl
nllb-600m,exp2,REPLACE-R6000_S4000,789,tatoeba,1000,3.97,28.66,25.65,multi,0,experiments/results/rebuttal_repaired_20260502/nllb-600m/exp2/REPLACE-R6000_S4000/seed789/test_predictions.jsonl
nllb-600m,exp2,REPLACE-R8000_S2000,123,combined,1455,25.62,43.55,41.81,multi,54,experiments/results/rebuttal_repaired_20260502/nllb-600m/exp2/REPLACE-R8000_S2000/seed123/test_predictions.jsonl
nllb-600m,exp2,REPLACE-R8000_S2000,123,structured,455,94.19,97.06,96.88,multi,54,experiments/results/rebuttal_repaired_20260502/nllb-600m/exp2/REPLACE-R8000_S2000/seed123/test_predictions.jsonl
nllb-600m,exp2,REPLACE-R8000_S2000,123,tatoeba,1000,4.99,29.9,26.96,multi,0,experiments/results/rebuttal_repaired_20260502/nllb-600m/exp2/REPLACE-R8000_S2000/seed123/test_predictions.jsonl
nllb-600m,exp2,REPLACE-R8000_S2000,2024,combined,1455,23.69,42.93,41.13,multi,54,experiments/results/rebuttal_repaired_20260502/nllb-600m/exp2/REPLACE-R8000_S2000/seed2024/test_predictions.jsonl
nllb-600m,exp2,REPLACE-R8000_S2000,2024,structured,455,86.6,94.97,94.65,multi,54,experiments/results/rebuttal_repaired_20260502/nllb-600m/exp2/REPLACE-R8000_S2000/seed2024/test_predictions.jsonl
nllb-600m,exp2,REPLACE-R8000_S2000,2024,tatoeba,1000,4.58,29.68,26.72,multi,0,experiments/results/rebuttal_repaired_20260502/nllb-600m/exp2/REPLACE-R8000_S2000/seed2024/test_predictions.jsonl
nllb-600m,exp2,REPLACE-R8000_S2000,42,combined,1455,21.65,42.48,40.73,multi,54,experiments/results/rebuttal_repaired_20260502/nllb-600m/exp2/REPLACE-R8000_S2000/seed42/test_predictions.jsonl
nllb-600m,exp2,REPLACE-R8000_S2000,42,structured,455,88.08,95.75,95.37,multi,54,experiments/results/rebuttal_repaired_20260502/nllb-600m/exp2/REPLACE-R8000_S2000/seed42/test_predictions.jsonl
nllb-600m,exp2,REPLACE-R8000_S2000,42,tatoeba,1000,3.76,29.16,26.32,multi,0,experiments/results/rebuttal_repaired_20260502/nllb-600m/exp2/REPLACE-R8000_S2000/seed42/test_predictions.jsonl
nllb-600m,exp2,REPLACE-R8000_S2000,456,combined,1455,22.13,41.65,39.95,multi,54,experiments/results/rebuttal_repaired_20260502/nllb-600m/exp2/REPLACE-R8000_S2000/seed456/test_predictions.jsonl
nllb-600m,exp2,REPLACE-R8000_S2000,456,structured,455,82.72,92.61,91.96,multi,54,experiments/results/rebuttal_repaired_20260502/nllb-600m/exp2/REPLACE-R8000_S2000/seed456/test_predictions.jsonl
nllb-600m,exp2,REPLACE-R8000_S2000,456,tatoeba,1000,4.04,28.68,25.98,multi,0,experiments/results/rebuttal_repaired_20260502/nllb-600m/exp2/REPLACE-R8000_S2000/seed456/test_predictions.jsonl
nllb-600m,exp2,REPLACE-R8000_S2000,789,combined,1455,24.86,43.36,41.44,multi,54,experiments/results/rebuttal_repaired_20260502/nllb-600m/exp2/REPLACE-R8000_S2000/seed789/test_predictions.jsonl
nllb-600m,exp2,REPLACE-R8000_S2000,789,structured,455,94.94,97.06,97.02,multi,54,experiments/results/rebuttal_repaired_20260502/nllb-600m/exp2/REPLACE-R8000_S2000/seed789/test_predictions.jsonl
nllb-600m,exp2,REPLACE-R8000_S2000,789,tatoeba,1000,3.96,29.64,26.46,multi,0,experiments/results/rebuttal_repaired_20260502/nllb-600m/exp2/REPLACE-R8000_S2000/seed789/test_predictions.jsonl
nllb-600m,exp2,REPLACE-R9000_S1000,123,combined,1455,23.12,42.27,40.23,multi,54,experiments/results/rebuttal_repaired_20260502/nllb-600m/exp2/REPLACE-R9000_S1000/seed123/test_predictions.jsonl
nllb-600m,exp2,REPLACE-R9000_S1000,123,structured,455,87.66,91.67,91.64,multi,54,experiments/results/rebuttal_repaired_20260502/nllb-600m/exp2/REPLACE-R9000_S1000/seed123/test_predictions.jsonl
nllb-600m,exp2,REPLACE-R9000_S1000,123,tatoeba,1000,4.08,29.47,26.24,multi,0,experiments/results/rebuttal_repaired_20260502/nllb-600m/exp2/REPLACE-R9000_S1000/seed123/test_predictions.jsonl
nllb-600m,exp2,REPLACE-R9000_S1000,2024,combined,1455,24.25,42.8,40.79,multi,54,experiments/results/rebuttal_repaired_20260502/nllb-600m/exp2/REPLACE-R9000_S1000/seed2024/test_predictions.jsonl
nllb-600m,exp2,REPLACE-R9000_S1000,2024,structured,455,86.88,93.41,92.65,multi,54,experiments/results/rebuttal_repaired_20260502/nllb-600m/exp2/REPLACE-R9000_S1000/seed2024/test_predictions.jsonl
nllb-600m,exp2,REPLACE-R9000_S1000,2024,tatoeba,1000,4.45,29.61,26.55,multi,0,experiments/results/rebuttal_repaired_20260502/nllb-600m/exp2/REPLACE-R9000_S1000/seed2024/test_predictions.jsonl
nllb-600m,exp2,REPLACE-R9000_S1000,42,combined,1455,23.17,41.92,39.98,multi,54,experiments/results/rebuttal_repaired_20260502/nllb-600m/exp2/REPLACE-R9000_S1000/seed42/test_predictions.jsonl
nllb-600m,exp2,REPLACE-R9000_S1000,42,structured,455,85.04,92.47,91.74,multi,54,experiments/results/rebuttal_repaired_20260502/nllb-600m/exp2/REPLACE-R9000_S1000/seed42/test_predictions.jsonl
nllb-600m,exp2,REPLACE-R9000_S1000,42,tatoeba,1000,3.98,29.05,26.05,multi,0,experiments/results/rebuttal_repaired_20260502/nllb-600m/exp2/REPLACE-R9000_S1000/seed42/test_predictions.jsonl
nllb-600m,exp2,REPLACE-R9000_S1000,456,combined,1455,23.11,41.68,39.72,multi,54,experiments/results/rebuttal_repaired_20260502/nllb-600m/exp2/REPLACE-R9000_S1000/seed456/test_predictions.jsonl
nllb-600m,exp2,REPLACE-R9000_S1000,456,structured,455,79.81,91.0,90.44,multi,54,experiments/results/rebuttal_repaired_20260502/nllb-600m/exp2/REPLACE-R9000_S1000/seed456/test_predictions.jsonl
nllb-600m,exp2,REPLACE-R9000_S1000,456,tatoeba,1000,3.96,28.83,25.78,multi,0,experiments/results/rebuttal_repaired_20260502/nllb-600m/exp2/REPLACE-R9000_S1000/seed456/test_predictions.jsonl
nllb-600m,exp2,REPLACE-R9000_S1000,789,combined,1455,22.42,41.54,39.61,multi,54,experiments/results/rebuttal_repaired_20260502/nllb-600m/exp2/REPLACE-R9000_S1000/seed789/test_predictions.jsonl
nllb-600m,exp2,REPLACE-R9000_S1000,789,structured,455,83.22,90.9,90.21,multi,54,experiments/results/rebuttal_repaired_20260502/nllb-600m/exp2/REPLACE-R9000_S1000/seed789/test_predictions.jsonl
nllb-600m,exp2,REPLACE-R9000_S1000,789,tatoeba,1000,4.26,29.03,26.06,multi,0,experiments/results/rebuttal_repaired_20260502/nllb-600m/exp2/REPLACE-R9000_S1000/seed789/test_predictions.jsonl
nllb-600m,exp2,REPLACE-R9500_S500,123,combined,1455,18.17,39.97,37.77,multi,54,experiments/results/rebuttal_repaired_20260502/nllb-600m/exp2/REPLACE-R9500_S500/seed123/test_predictions.jsonl
nllb-600m,exp2,REPLACE-R9500_S500,123,structured,455,63.07,79.4,78.05,multi,54,experiments/results/rebuttal_repaired_20260502/nllb-600m/exp2/REPLACE-R9500_S500/seed123/test_predictions.jsonl
nllb-600m,exp2,REPLACE-R9500_S500,123,tatoeba,1000,4.66,29.9,26.94,multi,0,experiments/results/rebuttal_repaired_20260502/nllb-600m/exp2/REPLACE-R9500_S500/seed123/test_predictions.jsonl
nllb-600m,exp2,REPLACE-R9500_S500,2024,combined,1455,20.88,41.21,39.13,multi,54,experiments/results/rebuttal_repaired_20260502/nllb-600m/exp2/REPLACE-R9500_S500/seed2024/test_predictions.jsonl
nllb-600m,exp2,REPLACE-R9500_S500,2024,structured,455,75.07,86.65,85.62,multi,54,experiments/results/rebuttal_repaired_20260502/nllb-600m/exp2/REPLACE-R9500_S500/seed2024/test_predictions.jsonl
nllb-600m,exp2,REPLACE-R9500_S500,2024,tatoeba,1000,4.41,29.59,26.6,multi,0,experiments/results/rebuttal_repaired_20260502/nllb-600m/exp2/REPLACE-R9500_S500/seed2024/test_predictions.jsonl
nllb-600m,exp2,REPLACE-R9500_S500,42,combined,1455,20.66,40.42,38.48,multi,54,experiments/results/rebuttal_repaired_20260502/nllb-600m/exp2/REPLACE-R9500_S500/seed42/test_predictions.jsonl
nllb-600m,exp2,REPLACE-R9500_S500,42,structured,455,72.92,85.31,84.4,multi,54,experiments/results/rebuttal_repaired_20260502/nllb-600m/exp2/REPLACE-R9500_S500/seed42/test_predictions.jsonl
nllb-600m,exp2,REPLACE-R9500_S500,42,tatoeba,1000,4.04,28.86,26.01,multi,0,experiments/results/rebuttal_repaired_20260502/nllb-600m/exp2/REPLACE-R9500_S500/seed42/test_predictions.jsonl
nllb-600m,exp2,REPLACE-R9500_S500,456,combined,1455,18.84,38.87,36.86,multi,54,experiments/results/rebuttal_repaired_20260502/nllb-600m/exp2/REPLACE-R9500_S500/seed456/test_predictions.jsonl
nllb-600m,exp2,REPLACE-R9500_S500,456,structured,455,66.51,76.96,76.92,multi,54,experiments/results/rebuttal_repaired_20260502/nllb-600m/exp2/REPLACE-R9500_S500/seed456/test_predictions.jsonl
nllb-600m,exp2,REPLACE-R9500_S500,456,tatoeba,1000,4.36,28.49,25.6,multi,0,experiments/results/rebuttal_repaired_20260502/nllb-600m/exp2/REPLACE-R9500_S500/seed456/test_predictions.jsonl
nllb-600m,exp2,REPLACE-R9500_S500,789,combined,1455,19.14,39.79,37.66,multi,54,experiments/results/rebuttal_repaired_20260502/nllb-600m/exp2/REPLACE-R9500_S500/seed789/test_predictions.jsonl
nllb-600m,exp2,REPLACE-R9500_S500,789,structured,455,67.02,81.85,80.55,multi,54,experiments/results/rebuttal_repaired_20260502/nllb-600m/exp2/REPLACE-R9500_S500/seed789/test_predictions.jsonl
nllb-600m,exp2,REPLACE-R9500_S500,789,tatoeba,1000,4.3,28.93,26.02,multi,0,experiments/results/rebuttal_repaired_20260502/nllb-600m/exp2/REPLACE-R9500_S500/seed789/test_predictions.jsonl
nllb-600m,exp2,STRUCTURED-1000,123,combined,1455,20.49,29.41,29.49,multi,54,experiments/results/rebuttal_repaired_20260502/nllb-600m/exp2/STRUCTURED-1000/seed123/test_predictions.jsonl
nllb-600m,exp2,STRUCTURED-1000,123,structured,455,92.6,95.95,95.69,multi,54,experiments/results/rebuttal_repaired_20260502/nllb-600m/exp2/STRUCTURED-1000/seed123/test_predictions.jsonl
nllb-600m,exp2,STRUCTURED-1000,123,tatoeba,1000,0.54,12.52,11.89,multi,0,experiments/results/rebuttal_repaired_20260502/nllb-600m/exp2/STRUCTURED-1000/seed123/test_predictions.jsonl
nllb-600m,exp2,STRUCTURED-1000,2024,combined,1455,14.04,29.33,28.96,multi,54,experiments/results/rebuttal_repaired_20260502/nllb-600m/exp2/STRUCTURED-1000/seed2024/test_predictions.jsonl
nllb-600m,exp2,STRUCTURED-1000,2024,structured,455,92.42,96.06,95.76,multi,54,experiments/results/rebuttal_repaired_20260502/nllb-600m/exp2/STRUCTURED-1000/seed2024/test_predictions.jsonl
nllb-600m,exp2,STRUCTURED-1000,2024,tatoeba,1000,0.36,12.85,11.96,multi,0,experiments/results/rebuttal_repaired_20260502/nllb-600m/exp2/STRUCTURED-1000/seed2024/test_predictions.jsonl
nllb-600m,exp2,STRUCTURED-1000,42,combined,1455,22.69,30.06,30.04,multi,54,experiments/results/rebuttal_repaired_20260502/nllb-600m/exp2/STRUCTURED-1000/seed42/test_predictions.jsonl
nllb-600m,exp2,STRUCTURED-1000,42,structured,455,92.28,95.75,95.5,multi,54,experiments/results/rebuttal_repaired_20260502/nllb-600m/exp2/STRUCTURED-1000/seed42/test_predictions.jsonl
nllb-600m,exp2,STRUCTURED-1000,42,tatoeba,1000,0.62,12.51,11.82,multi,0,experiments/results/rebuttal_repaired_20260502/nllb-600m/exp2/STRUCTURED-1000/seed42/test_predictions.jsonl
nllb-600m,exp2,STRUCTURED-1000,456,combined,1455,23.03,30.85,30.77,multi,54,experiments/results/rebuttal_repaired_20260502/nllb-600m/exp2/STRUCTURED-1000/seed456/test_predictions.jsonl
nllb-600m,exp2,STRUCTURED-1000,456,structured,455,92.59,95.83,95.65,multi,54,experiments/results/rebuttal_repaired_20260502/nllb-600m/exp2/STRUCTURED-1000/seed456/test_predictions.jsonl
nllb-600m,exp2,STRUCTURED-1000,456,tatoeba,1000,0.66,13.41,12.62,multi,0,experiments/results/rebuttal_repaired_20260502/nllb-600m/exp2/STRUCTURED-1000/seed456/test_predictions.jsonl
nllb-600m,exp2,STRUCTURED-1000,789,combined,1455,18.17,29.46,29.36,multi,54,experiments/results/rebuttal_repaired_20260502/nllb-600m/exp2/STRUCTURED-1000/seed789/test_predictions.jsonl
nllb-600m,exp2,STRUCTURED-1000,789,structured,455,92.98,96.27,96.0,multi,54,experiments/results/rebuttal_repaired_20260502/nllb-600m/exp2/STRUCTURED-1000/seed789/test_predictions.jsonl
nllb-600m,exp2,STRUCTURED-1000,789,tatoeba,1000,0.48,12.74,11.95,multi,0,experiments/results/rebuttal_repaired_20260502/nllb-600m/exp2/STRUCTURED-1000/seed789/test_predictions.jsonl
nllb-600m,exp2,STRUCTURED-200,123,combined,1455,10.09,23.65,23.28,multi,54,experiments/results/rebuttal_repaired_20260502/nllb-600m/exp2/STRUCTURED-200/seed123/test_predictions.jsonl
nllb-600m,exp2,STRUCTURED-200,123,structured,455,47.76,67.5,67.32,multi,54,experiments/results/rebuttal_repaired_20260502/nllb-600m/exp2/STRUCTURED-200/seed123/test_predictions.jsonl
nllb-600m,exp2,STRUCTURED-200,123,tatoeba,1000,0.36,12.51,11.62,multi,0,experiments/results/rebuttal_repaired_20260502/nllb-600m/exp2/STRUCTURED-200/seed123/test_predictions.jsonl
nllb-600m,exp2,STRUCTURED-200,2024,combined,1455,11.29,24.51,24.05,multi,54,experiments/results/rebuttal_repaired_20260502/nllb-600m/exp2/STRUCTURED-200/seed2024/test_predictions.jsonl
nllb-600m,exp2,STRUCTURED-200,2024,structured,455,54.12,70.79,69.94,multi,54,experiments/results/rebuttal_repaired_20260502/nllb-600m/exp2/STRUCTURED-200/seed2024/test_predictions.jsonl
nllb-600m,exp2,STRUCTURED-200,2024,tatoeba,1000,0.45,12.93,12.04,multi,0,experiments/results/rebuttal_repaired_20260502/nllb-600m/exp2/STRUCTURED-200/seed2024/test_predictions.jsonl
nllb-600m,exp2,STRUCTURED-200,42,combined,1455,11.22,24.7,24.24,multi,54,experiments/results/rebuttal_repaired_20260502/nllb-600m/exp2/STRUCTURED-200/seed42/test_predictions.jsonl
nllb-600m,exp2,STRUCTURED-200,42,structured,455,57.98,72.86,72.15,multi,54,experiments/results/rebuttal_repaired_20260502/nllb-600m/exp2/STRUCTURED-200/seed42/test_predictions.jsonl
nllb-600m,exp2,STRUCTURED-200,42,tatoeba,1000,0.46,13.01,12.04,multi,0,experiments/results/rebuttal_repaired_20260502/nllb-600m/exp2/STRUCTURED-200/seed42/test_predictions.jsonl
nllb-600m,exp2,STRUCTURED-200,456,combined,1455,10.82,23.99,23.66,multi,54,experiments/results/rebuttal_repaired_20260502/nllb-600m/exp2/STRUCTURED-200/seed456/test_predictions.jsonl
nllb-600m,exp2,STRUCTURED-200,456,structured,455,56.4,71.47,70.96,multi,54,experiments/results/rebuttal_repaired_20260502/nllb-600m/exp2/STRUCTURED-200/seed456/test_predictions.jsonl
nllb-600m,exp2,STRUCTURED-200,456,tatoeba,1000,0.39,12.48,11.61,multi,0,experiments/results/rebuttal_repaired_20260502/nllb-600m/exp2/STRUCTURED-200/seed456/test_predictions.jsonl
nllb-600m,exp2,STRUCTURED-200,789,combined,1455,10.96,24.42,24.05,multi,54,experiments/results/rebuttal_repaired_20260502/nllb-600m/exp2/STRUCTURED-200/seed789/test_predictions.jsonl
nllb-600m,exp2,STRUCTURED-200,789,structured,455,55.91,72.97,72.25,multi,54,experiments/results/rebuttal_repaired_20260502/nllb-600m/exp2/STRUCTURED-200/seed789/test_predictions.jsonl
nllb-600m,exp2,STRUCTURED-200,789,tatoeba,1000,0.4,12.51,11.65,multi,0,experiments/results/rebuttal_repaired_20260502/nllb-600m/exp2/STRUCTURED-200/seed789/test_predictions.jsonl
nllb-600m,exp2,STRUCTURED-2000,123,combined,1455,23.74,31.1,31.03,multi,54,experiments/results/rebuttal_repaired_20260502/nllb-600m/exp2/STRUCTURED-2000/seed123/test_predictions.jsonl
nllb-600m,exp2,STRUCTURED-2000,123,structured,455,95.88,97.56,97.52,multi,54,experiments/results/rebuttal_repaired_20260502/nllb-600m/exp2/STRUCTURED-2000/seed123/test_predictions.jsonl
nllb-600m,exp2,STRUCTURED-2000,123,tatoeba,1000,0.79,13.08,12.28,multi,0,experiments/results/rebuttal_repaired_20260502/nllb-600m/exp2/STRUCTURED-2000/seed123/test_predictions.jsonl
nllb-600m,exp2,STRUCTURED-2000,2024,combined,1455,21.62,30.26,30.3,multi,54,experiments/results/rebuttal_repaired_20260502/nllb-600m/exp2/STRUCTURED-2000/seed2024/test_predictions.jsonl
nllb-600m,exp2,STRUCTURED-2000,2024,structured,455,94.92,97.19,97.11,multi,54,experiments/results/rebuttal_repaired_20260502/nllb-600m/exp2/STRUCTURED-2000/seed2024/test_predictions.jsonl
nllb-600m,exp2,STRUCTURED-2000,2024,tatoeba,1000,0.57,12.52,11.91,multi,0,experiments/results/rebuttal_repaired_20260502/nllb-600m/exp2/STRUCTURED-2000/seed2024/test_predictions.jsonl
nllb-600m,exp2,STRUCTURED-2000,42,combined,1455,13.05,28.61,28.31,multi,54,experiments/results/rebuttal_repaired_20260502/nllb-600m/exp2/STRUCTURED-2000/seed42/test_predictions.jsonl
nllb-600m,exp2,STRUCTURED-2000,42,structured,455,95.81,97.64,97.58,multi,54,experiments/results/rebuttal_repaired_20260502/nllb-600m/exp2/STRUCTURED-2000/seed42/test_predictions.jsonl
nllb-600m,exp2,STRUCTURED-2000,42,tatoeba,1000,0.3,11.5,10.73,multi,0,experiments/results/rebuttal_repaired_20260502/nllb-600m/exp2/STRUCTURED-2000/seed42/test_predictions.jsonl
nllb-600m,exp2,STRUCTURED-2000,456,combined,1455,21.71,30.18,30.16,multi,54,experiments/results/rebuttal_repaired_20260502/nllb-600m/exp2/STRUCTURED-2000/seed456/test_predictions.jsonl
nllb-600m,exp2,STRUCTURED-2000,456,structured,455,95.21,97.46,97.38,multi,54,experiments/results/rebuttal_repaired_20260502/nllb-600m/exp2/STRUCTURED-2000/seed456/test_predictions.jsonl
nllb-600m,exp2,STRUCTURED-2000,456,tatoeba,1000,0.72,12.34,11.65,multi,0,experiments/results/rebuttal_repaired_20260502/nllb-600m/exp2/STRUCTURED-2000/seed456/test_predictions.jsonl
nllb-600m,exp2,STRUCTURED-2000,789,combined,1455,23.67,31.28,31.25,multi,54,experiments/results/rebuttal_repaired_20260502/nllb-600m/exp2/STRUCTURED-2000/seed789/test_predictions.jsonl
nllb-600m,exp2,STRUCTURED-2000,789,structured,455,96.45,98.22,98.13,multi,54,experiments/results/rebuttal_repaired_20260502/nllb-600m/exp2/STRUCTURED-2000/seed789/test_predictions.jsonl
nllb-600m,exp2,STRUCTURED-2000,789,tatoeba,1000,0.59,13.06,12.37,multi,0,experiments/results/rebuttal_repaired_20260502/nllb-600m/exp2/STRUCTURED-2000/seed789/test_predictions.jsonl
nllb-600m,exp2,STRUCTURED-3000,123,combined,1455,20.41,30.02,29.88,multi,54,experiments/results/rebuttal_repaired_20260502/nllb-600m/exp2/STRUCTURED-3000/seed123/test_predictions.jsonl
nllb-600m,exp2,STRUCTURED-3000,123,structured,455,96.13,97.91,97.83,multi,54,experiments/results/rebuttal_repaired_20260502/nllb-600m/exp2/STRUCTURED-3000/seed123/test_predictions.jsonl
nllb-600m,exp2,STRUCTURED-3000,123,tatoeba,1000,0.41,12.05,11.24,multi,0,experiments/results/rebuttal_repaired_20260502/nllb-600m/exp2/STRUCTURED-3000/seed123/test_predictions.jsonl
nllb-600m,exp2,STRUCTURED-3000,2024,combined,1455,22.67,30.4,30.38,multi,54,experiments/results/rebuttal_repaired_20260502/nllb-600m/exp2/STRUCTURED-3000/seed2024/test_predictions.jsonl
nllb-600m,exp2,STRUCTURED-3000,2024,structured,455,91.32,96.91,96.8,multi,54,experiments/results/rebuttal_repaired_20260502/nllb-600m/exp2/STRUCTURED-3000/seed2024/test_predictions.jsonl
nllb-600m,exp2,STRUCTURED-3000,2024,tatoeba,1000,0.6,12.74,11.98,multi,0,experiments/results/rebuttal_repaired_20260502/nllb-600m/exp2/STRUCTURED-3000/seed2024/test_predictions.jsonl
nllb-600m,exp2,STRUCTURED-3000,42,combined,1455,21.1,31.03,30.98,multi,54,experiments/results/rebuttal_repaired_20260502/nllb-600m/exp2/STRUCTURED-3000/seed42/test_predictions.jsonl
nllb-600m,exp2,STRUCTURED-3000,42,structured,455,96.04,97.79,97.71,multi,54,experiments/results/rebuttal_repaired_20260502/nllb-600m/exp2/STRUCTURED-3000/seed42/test_predictions.jsonl
nllb-600m,exp2,STRUCTURED-3000,42,tatoeba,1000,0.58,13.27,12.59,multi,0,experiments/results/rebuttal_repaired_20260502/nllb-600m/exp2/STRUCTURED-3000/seed42/test_predictions.jsonl
nllb-600m,exp2,STRUCTURED-3000,456,combined,1455,22.83,30.57,30.35,multi,54,experiments/results/rebuttal_repaired_20260502/nllb-600m/exp2/STRUCTURED-3000/seed456/test_predictions.jsonl
nllb-600m,exp2,STRUCTURED-3000,456,structured,455,95.91,97.7,97.65,multi,54,experiments/results/rebuttal_repaired_20260502/nllb-600m/exp2/STRUCTURED-3000/seed456/test_predictions.jsonl
nllb-600m,exp2,STRUCTURED-3000,456,tatoeba,1000,0.55,12.34,11.39,multi,0,experiments/results/rebuttal_repaired_20260502/nllb-600m/exp2/STRUCTURED-3000/seed456/test_predictions.jsonl
nllb-600m,exp2,STRUCTURED-3000,789,combined,1455,23.42,30.82,30.67,multi,54,experiments/results/rebuttal_repaired_20260502/nllb-600m/exp2/STRUCTURED-3000/seed789/test_predictions.jsonl
nllb-600m,exp2,STRUCTURED-3000,789,structured,455,96.47,98.2,98.1,multi,54,experiments/results/rebuttal_repaired_20260502/nllb-600m/exp2/STRUCTURED-3000/seed789/test_predictions.jsonl
nllb-600m,exp2,STRUCTURED-3000,789,tatoeba,1000,0.6,12.78,11.86,multi,0,experiments/results/rebuttal_repaired_20260502/nllb-600m/exp2/STRUCTURED-3000/seed789/test_predictions.jsonl
nllb-600m,exp2,STRUCTURED-4000,123,combined,1455,21.96,29.89,29.85,multi,54,experiments/results/rebuttal_repaired_20260502/nllb-600m/exp2/STRUCTURED-4000/seed123/test_predictions.jsonl
nllb-600m,exp2,STRUCTURED-4000,123,structured,455,96.19,97.74,97.74,multi,54,experiments/results/rebuttal_repaired_20260502/nllb-600m/exp2/STRUCTURED-4000/seed123/test_predictions.jsonl
nllb-600m,exp2,STRUCTURED-4000,123,tatoeba,1000,0.54,11.88,11.11,multi,0,experiments/results/rebuttal_repaired_20260502/nllb-600m/exp2/STRUCTURED-4000/seed123/test_predictions.jsonl
nllb-600m,exp2,STRUCTURED-4000,2024,combined,1455,22.53,30.64,30.57,multi,54,experiments/results/rebuttal_repaired_20260502/nllb-600m/exp2/STRUCTURED-4000/seed2024/test_predictions.jsonl
nllb-600m,exp2,STRUCTURED-4000,2024,structured,455,96.15,97.81,97.78,multi,54,experiments/results/rebuttal_repaired_20260502/nllb-600m/exp2/STRUCTURED-4000/seed2024/test_predictions.jsonl
nllb-600m,exp2,STRUCTURED-4000,2024,tatoeba,1000,0.53,12.69,11.9,multi,0,experiments/results/rebuttal_repaired_20260502/nllb-600m/exp2/STRUCTURED-4000/seed2024/test_predictions.jsonl
nllb-600m,exp2,STRUCTURED-4000,42,combined,1455,23.18,30.91,30.78,multi,54,experiments/results/rebuttal_repaired_20260502/nllb-600m/exp2/STRUCTURED-4000/seed42/test_predictions.jsonl
nllb-600m,exp2,STRUCTURED-4000,42,structured,455,96.54,97.97,97.94,multi,54,experiments/results/rebuttal_repaired_20260502/nllb-600m/exp2/STRUCTURED-4000/seed42/test_predictions.jsonl
nllb-600m,exp2,STRUCTURED-4000,42,tatoeba,1000,0.71,12.85,12.01,multi,0,experiments/results/rebuttal_repaired_20260502/nllb-600m/exp2/STRUCTURED-4000/seed42/test_predictions.jsonl
nllb-600m,exp2,STRUCTURED-4000,456,combined,1455,19.1,30.06,29.99,multi,54,experiments/results/rebuttal_repaired_20260502/nllb-600m/exp2/STRUCTURED-4000/seed456/test_predictions.jsonl
nllb-600m,exp2,STRUCTURED-4000,456,structured,455,95.4,97.06,96.99,multi,54,experiments/results/rebuttal_repaired_20260502/nllb-600m/exp2/STRUCTURED-4000/seed456/test_predictions.jsonl
nllb-600m,exp2,STRUCTURED-4000,456,tatoeba,1000,0.51,12.92,12.17,multi,0,experiments/results/rebuttal_repaired_20260502/nllb-600m/exp2/STRUCTURED-4000/seed456/test_predictions.jsonl
nllb-600m,exp2,STRUCTURED-4000,789,combined,1455,23.17,30.56,30.5,multi,54,experiments/results/rebuttal_repaired_20260502/nllb-600m/exp2/STRUCTURED-4000/seed789/test_predictions.jsonl
nllb-600m,exp2,STRUCTURED-4000,789,structured,455,96.21,97.8,97.78,multi,54,experiments/results/rebuttal_repaired_20260502/nllb-600m/exp2/STRUCTURED-4000/seed789/test_predictions.jsonl
nllb-600m,exp2,STRUCTURED-4000,789,tatoeba,1000,0.58,12.79,11.95,multi,0,experiments/results/rebuttal_repaired_20260502/nllb-600m/exp2/STRUCTURED-4000/seed789/test_predictions.jsonl
nllb-600m,exp2,STRUCTURED-500,123,combined,1455,19.7,29.32,29.09,multi,54,experiments/results/rebuttal_repaired_20260502/nllb-600m/exp2/STRUCTURED-500/seed123/test_predictions.jsonl
nllb-600m,exp2,STRUCTURED-500,123,structured,455,79.49,88.26,87.8,multi,54,experiments/results/rebuttal_repaired_20260502/nllb-600m/exp2/STRUCTURED-500/seed123/test_predictions.jsonl
nllb-600m,exp2,STRUCTURED-500,123,tatoeba,1000,0.62,13.47,12.69,multi,0,experiments/results/rebuttal_repaired_20260502/nllb-600m/exp2/STRUCTURED-500/seed123/test_predictions.jsonl
nllb-600m,exp2,STRUCTURED-500,2024,combined,1455,20.27,29.18,29.06,multi,54,experiments/results/rebuttal_repaired_20260502/nllb-600m/exp2/STRUCTURED-500/seed2024/test_predictions.jsonl
nllb-600m,exp2,STRUCTURED-500,2024,structured,455,82.18,89.47,89.08,multi,54,experiments/results/rebuttal_repaired_20260502/nllb-600m/exp2/STRUCTURED-500/seed2024/test_predictions.jsonl
nllb-600m,exp2,STRUCTURED-500,2024,tatoeba,1000,0.55,12.93,12.25,multi,0,experiments/results/rebuttal_repaired_20260502/nllb-600m/exp2/STRUCTURED-500/seed2024/test_predictions.jsonl
nllb-600m,exp2,STRUCTURED-500,42,combined,1455,19.98,29.3,29.06,multi,54,experiments/results/rebuttal_repaired_20260502/nllb-600m/exp2/STRUCTURED-500/seed42/test_predictions.jsonl
nllb-600m,exp2,STRUCTURED-500,42,structured,455,80.34,89.11,88.52,multi,54,experiments/results/rebuttal_repaired_20260502/nllb-600m/exp2/STRUCTURED-500/seed42/test_predictions.jsonl
nllb-600m,exp2,STRUCTURED-500,42,tatoeba,1000,0.59,13.26,12.45,multi,0,experiments/results/rebuttal_repaired_20260502/nllb-600m/exp2/STRUCTURED-500/seed42/test_predictions.jsonl
nllb-600m,exp2,STRUCTURED-500,456,combined,1455,19.39,29.47,29.2,multi,54,experiments/results/rebuttal_repaired_20260502/nllb-600m/exp2/STRUCTURED-500/seed456/test_predictions.jsonl
nllb-600m,exp2,STRUCTURED-500,456,structured,455,79.84,88.29,87.82,multi,54,experiments/results/rebuttal_repaired_20260502/nllb-600m/exp2/STRUCTURED-500/seed456/test_predictions.jsonl
nllb-600m,exp2,STRUCTURED-500,456,tatoeba,1000,0.61,13.75,12.93,multi,0,experiments/results/rebuttal_repaired_20260502/nllb-600m/exp2/STRUCTURED-500/seed456/test_predictions.jsonl
nllb-600m,exp2,STRUCTURED-500,789,combined,1455,19.17,29.69,29.36,multi,54,experiments/results/rebuttal_repaired_20260502/nllb-600m/exp2/STRUCTURED-500/seed789/test_predictions.jsonl
nllb-600m,exp2,STRUCTURED-500,789,structured,455,80.93,89.8,89.22,multi,54,experiments/results/rebuttal_repaired_20260502/nllb-600m/exp2/STRUCTURED-500/seed789/test_predictions.jsonl
nllb-600m,exp2,STRUCTURED-500,789,tatoeba,1000,0.61,13.68,12.81,multi,0,experiments/results/rebuttal_repaired_20260502/nllb-600m/exp2/STRUCTURED-500/seed789/test_predictions.jsonl
